WD22CD,WD22NM,Inner_Lon,FireCount,all_residents,FireRate,all_households,owned_households,percent_owned,percent_deprived,percent_crowded,percent_nonwhite,percent_fuel,percent_1parent,unemployed,percent_deprived3
E05009317,Bethnal Green,1,94.0,21090.0,4.457,7251,1682,23.2,60.2,25.9,59.4,3.2,7.9,6.7,7.5
E05009318,Blackwall & Cubitt Town,1,97.0,21426.0,4.527,9509,2261,23.8,44.3,21.3,58.2,3.7,5.2,6.4,4.2
E05009319,Bow East,1,93.0,19526.0,4.763,8412,2369,28.2,49.8,16.4,46.5,3.3,7.3,5.7,5.8
E05009320,Bow West,1,52.0,13711.0,3.793,5276,1666,31.6,54.8,18.8,47.0,2.2,5.7,4.4,6.0
E05009321,Bromley North,1,84.0,11702.0,7.178,4524,969,21.4,59.6,25.8,68.8,3.0,8.8,6.8,8.4
E05009322,Bromley South,1,68.0,13964.0,4.87,5047,1001,19.8,57.4,27.3,70.3,2.4,8.9,6.7,7.6
E05009323,Canary Wharf,1,80.0,17976.0,4.45,8556,1793,21.0,41.6,18.2,58.4,4.1,5.4,5.2,3.6
E05009324,Island Gardens,1,47.0,15307.0,3.07,6139,1782,29.0,49.3,16.2,50.3,4.2,6.1,6.1,3.9
E05009325,Lansbury,1,115.0,21707.0,5.298,7529,1489,19.8,60.1,26.9,68.0,2.6,10.2,6.1,8.2
E05009326,Limehouse,1,28.0,6555.0,4.272,2927,972,33.2,42.1,14.2,44.2,4.8,3.2,4.1,3.9
E05009327,Mile End,1,114.0,21652.0,5.265,7803,1737,22.3,57.1,25.6,66.1,2.5,8.0,6.6,6.8
E05009328,Poplar,1,38.0,8069.0,4.709,2861,510,17.8,62.3,30.4,74.3,2.8,9.9,7.3,8.1
E05009329,St Dunstan's,1,71.0,14747.0,4.815,4840,851,17.6,62.6,27.8,72.9,2.1,8.4,6.3,9.5
E05009330,St Katharine's & Wapping,1,43.0,11961.0,3.595,5797,2032,35.1,39.2,14.0,37.9,4.0,2.8,4.2,2.5
E05009331,St Peter's,1,98.0,19779.0,4.955,7413,1583,21.4,57.0,23.5,57.8,3.3,5.2,6.0,8.2
E05009332,Shadwell,1,78.0,13278.0,5.874,4492,803,17.9,65.4,28.9,75.1,3.4,7.2,6.6,9.0
E05009333,Spitalfields & Banglatown,1,79.0,13340.0,5.922,5058,1050,20.8,54.4,23.8,64.3,3.7,4.2,6.8,7.0
E05009334,Stepney Green,1,84.0,12343.0,6.805,4259,889,20.9,67.7,29.3,70.9,2.6,6.9,6.1,8.6
E05009335,Weavers,1,99.0,13339.0,7.422,5468,1215,22.2,54.4,21.4,53.6,2.9,6.4,5.7,7.2
E05009336,Whitechapel,1,93.0,18841.0,4.936,7380,1227,16.6,50.1,25.0,65.4,4.1,5.1,5.6,4.4
E05009367,Brownswood,1,31.0,9013.0,3.439,4106,1200,29.2,51.2,21.4,39.0,2.5,7.2,4.6,4.8
E05009368,Cazenove,1,89.0,15334.0,5.804,5191,1236,23.8,60.9,23.7,42.0,3.1,8.6,5.3,7.8
E05009369,Clissold,1,88.0,12579.0,6.996,5469,2006,36.7,47.9,15.5,36.9,2.0,8.5,4.3,4.9
E05009370,Dalston,1,57.0,8880.0,6.419,3999,1079,27.0,44.7,16.4,41.3,2.4,6.4,5.0,4.7
E05009371,De Beauvoir,1,56.0,9195.0,6.09,4060,1182,29.1,47.7,15.1,39.8,2.9,8.8,4.6,4.8
E05009372,Hackney Central,1,79.0,12719.0,6.211,5690,1232,21.7,56.6,18.4,53.5,2.8,10.3,5.9,7.8
E05009373,Hackney Downs,1,77.0,12999.0,5.924,5370,1496,27.9,57.0,21.7,52.4,2.1,8.4,5.5,6.8
E05009374,Hackney Wick,1,74.0,12306.0,6.013,4946,1050,21.2,60.3,19.4,52.6,2.5,12.8,7.1,8.0
E05009375,Haggerston,1,96.0,14409.0,6.663,6254,1073,17.2,53.5,17.6,49.8,2.9,8.2,5.7,6.5
E05009376,Homerton,1,97.0,13884.0,6.986,5532,1069,19.3,60.2,23.3,58.3,2.5,12.7,6.5,7.5
E05009377,Hoxton East & Shoreditch,1,60.0,11768.0,5.099,5381,890,16.5,49.9,20.1,48.2,3.4,8.7,5.6,5.0
E05009378,Hoxton West,1,62.0,13752.0,4.508,6290,1167,18.6,50.3,17.3,48.4,3.8,8.8,5.5,5.7
E05009379,King's Park,1,73.0,13061.0,5.589,4931,1387,28.1,60.5,19.5,58.7,2.5,13.1,5.9,7.9
E05009380,Lea Bridge,1,72.0,14124.0,5.098,5333,1794,33.6,56.3,20.1,49.3,3.6,10.0,5.9,6.4
E05009381,London Fields,1,70.0,12682.0,5.52,5584,1400,25.1,52.8,16.9,45.3,3.2,7.4,5.6,6.7
E05009382,Shacklewell,1,67.0,9125.0,7.342,3803,887,23.3,56.0,20.3,52.5,2.9,11.7,5.8,6.9
E05009383,Springfield,1,108.0,15319.0,7.05,5211,1111,21.3,67.5,27.1,41.7,3.0,9.5,4.7,8.7
E05009384,Stamford Hill West,1,62.0,10345.0,5.993,3238,774,23.9,60.5,24.3,30.8,2.7,7.5,3.7,6.2
E05009385,Stoke Newington,1,64.0,13382.0,4.783,5573,2071,37.2,49.7,15.6,39.1,2.4,6.0,5.0,5.4
E05009386,Victoria,1,77.0,12156.0,6.334,5195,1235,23.8,55.8,17.8,45.1,2.5,9.3,5.2,7.4
E05009387,Woodberry Down,1,68.0,12113.0,5.614,4927,724,14.7,56.8,20.8,52.5,2.9,12.6,6.5,6.7
E05009388,Abingdon,1,43.0,7894.0,5.447,3835,1484,38.7,41.4,17.9,36.3,4.8,3.9,3.3,3.2
E05009389,Brompton & Hans Town,1,53.0,7788.0,6.805,4006,1334,33.3,40.9,18.6,32.7,4.3,3.2,3.6,3.1
E05009390,Campden,1,42.0,8624.0,4.87,3893,1765,45.3,35.0,12.9,28.8,4.3,4.8,4.5,1.5
E05009391,Chelsea Riverside,1,62.0,7633.0,8.123,3749,1123,30.0,55.9,18.8,38.7,3.4,5.6,5.1,7.0
E05009392,Colville,1,71.0,8574.0,8.281,4348,953,21.9,54.7,22.1,42.0,3.5,6.0,5.2,6.4
E05009393,Courtfield,1,51.0,8332.0,6.121,4171,1456,34.9,39.8,19.0,29.8,4.6,2.6,3.9,3.1
E05009394,Dalgarno,1,44.0,7212.0,6.101,2778,472,17.0,66.4,24.1,45.9,2.6,12.6,6.0,9.1
E05009395,Earl's Court,1,59.0,8937.0,6.602,4668,1219,26.1,51.0,26.8,36.9,4.9,3.3,4.8,5.5
E05009396,Golborne,1,66.0,8803.0,7.497,3804,452,11.9,66.3,27.1,56.1,3.2,9.1,6.9,10.5
E05009397,Holland,1,37.0,9102.0,4.065,3842,1448,37.7,44.5,17.6,44.2,4.8,5.3,5.0,3.9
E05009398,Norland,1,27.0,5701.0,4.736,2698,1080,40.0,40.7,14.0,26.9,2.6,3.8,3.6,3.5
E05009399,Notting Dale,1,74.0,9139.0,8.097,3620,462,12.8,68.0,28.4,56.3,2.5,9.8,7.6,12.7
E05009400,Pembridge,1,29.0,5379.0,5.391,2674,968,36.2,41.1,21.1,28.6,4.7,3.2,4.0,1.8
E05009401,Queen's Gate,1,41.0,7903.0,5.188,3637,1459,40.1,36.3,15.1,33.1,5.5,3.0,3.0,1.2
E05009402,Redcliffe,1,49.0,9194.0,5.33,4398,1697,38.6,40.0,15.4,23.4,3.9,3.5,3.5,3.7
E05009403,Royal Hospital,1,39.0,8417.0,4.633,3925,1517,38.6,38.7,13.1,21.7,4.8,3.9,3.6,2.8
E05009404,St. Helen's,1,35.0,6158.0,5.684,2771,799,28.8,53.9,18.6,36.4,2.5,5.6,4.5,8.1
E05009405,Stanley,1,50.0,8581.0,5.827,4078,1505,36.9,43.9,14.4,28.1,3.2,4.8,3.7,4.1
E05011095,Borough & Bankside,1,73.0,9013.0,8.099,4106,903,22.0,44.2,12.2,41.3,3.4,5.0,5.6,3.6
E05011096,Camberwell Green,1,99.0,15509.0,6.383,6833,1504,22.0,57.6,20.1,59.8,3.4,11.2,6.5,5.5
E05011097,Champion Hill,1,40.0,9219.0,4.339,3842,1489,38.8,48.6,14.0,50.1,2.8,9.9,4.6,4.3
E05011098,Chaucer,1,83.0,14732.0,5.634,6123,1184,19.3,52.3,21.6,56.4,4.2,8.6,5.9,5.0
E05011099,Dulwich Hill,1,34.0,9591.0,3.545,3884,2091,53.8,42.1,9.6,29.0,2.0,5.4,4.4,3.3
E05011100,Dulwich Village,1,31.0,10255.0,3.023,3769,2577,68.4,35.0,5.1,20.6,1.0,5.4,2.4,1.7
E05011101,Dulwich Wood,1,38.0,10588.0,3.589,4336,2091,48.2,46.6,13.3,43.4,2.2,11.3,4.7,4.2
E05011102,Faraday,1,142.0,12465.0,11.392,4795,751,15.7,61.9,24.3,63.9,4.7,14.4,7.9,5.5
E05011103,Goose Green,1,48.0,13612.0,3.526,5912,2828,47.8,39.5,10.0,29.2,1.9,5.1,3.4,2.8
E05011104,London Bridge & West Bermondsey,1,108.0,15097.0,7.154,7201,1666,23.1,44.0,15.0,43.7,3.6,7.3,5.1,4.3
E05011105,Newington,1,66.0,13442.0,4.91,5808,1188,20.5,60.9,19.5,57.3,3.8,11.2,6.3,7.0
E05011106,North Bermondsey,1,69.0,15282.0,4.515,7158,1745,24.4,48.8,15.5,37.2,3.8,7.9,5.1,4.5
E05011107,North Walworth,1,92.0,15844.0,5.807,7161,1308,18.3,51.3,18.6,54.2,3.1,9.4,6.4,4.7
E05011108,Nunhead & Queen's Road,1,108.0,15555.0,6.943,6644,2001,30.1,57.8,17.4,54.5,2.0,10.5,5.8,6.6
E05011109,Old Kent Road,1,84.0,19037.0,4.412,7438,1311,17.6,64.0,25.4,65.2,3.7,12.8,7.5,7.5
E05011110,Peckham,1,86.0,14787.0,5.816,5790,1111,19.2,62.2,24.5,71.7,3.0,13.3,7.0,6.9
E05011111,Peckham Rye,1,46.0,10158.0,4.528,4001,2018,50.4,46.3,12.7,38.6,2.0,9.4,4.5,3.7
E05011112,Rotherhithe,1,79.0,15626.0,5.056,6922,1577,22.8,50.7,17.0,44.1,3.9,8.6,5.4,5.2
E05011113,Rye Lane,1,93.0,14472.0,6.426,6220,2064,33.2,51.9,15.9,47.7,3.0,8.6,4.8,5.0
E05011114,St George's,1,54.0,8456.0,6.386,3647,814,22.3,46.8,14.0,50.3,3.0,9.2,6.4,4.3
E05011115,St Giles,1,98.0,15945.0,6.146,6431,2036,31.7,52.9,19.2,52.3,3.4,10.4,5.5,5.0
E05011116,South Bermondsey,1,128.0,15945.0,8.028,6902,1408,20.4,58.7,19.5,46.7,3.4,10.2,5.9,6.9
E05011117,Surrey Docks,1,35.0,13008.0,2.691,5893,2081,35.3,40.7,10.9,32.8,3.6,4.6,4.5,2.4
E05011217,Barnehurst,0,22.0,11678.0,1.884,4442,3286,74.0,50.5,5.7,21.6,1.7,7.7,3.5,3.2
E05011218,Belvedere,0,59.0,17690.0,3.335,6835,3871,56.6,54.9,10.5,40.6,2.4,10.7,4.5,4.1
E05011219,Bexleyheath,0,41.0,15618.0,2.625,6309,5020,79.6,50.4,4.1,21.8,1.5,5.6,3.1,1.9
E05011220,Blackfen & Lamorbey,0,32.0,16726.0,1.913,6476,5287,81.6,46.2,4.3,14.6,1.3,5.7,2.7,2.0
E05011221,Blendon & Penhill,0,24.0,15633.0,1.535,5991,5176,86.4,46.3,4.0,14.4,1.1,5.2,2.5,1.9
E05011222,Crayford,0,43.0,16281.0,2.641,6542,4046,61.8,53.0,6.9,21.9,1.6,8.6,3.7,3.9
E05011223,Crook Log,0,30.0,15259.0,1.966,5964,4564,76.5,47.1,3.9,26.1,1.4,5.5,3.0,2.3
E05011224,East Wickham,0,39.0,15913.0,2.451,5931,4433,74.7,52.3,4.9,29.6,1.6,5.8,3.8,3.3
E05011225,Erith,0,79.0,13102.0,6.03,5107,2340,45.8,55.2,13.1,44.3,2.2,14.9,4.9,4.5
E05011226,Falconwood & Welling,0,33.0,16573.0,1.991,6192,4908,79.3,48.3,5.5,28.7,1.4,6.3,3.3,2.1
E05011227,Longlands,0,27.0,10078.0,2.679,4256,3112,73.1,46.6,5.0,14.1,1.5,5.0,3.2,3.1
E05011228,Northumberland Heath,0,30.0,11143.0,2.692,4062,2798,68.9,55.7,5.5,27.7,1.8,9.8,4.6,3.8
E05011229,St Mary's & St James,0,31.0,10747.0,2.885,4330,3287,75.9,47.2,4.3,15.8,1.6,5.9,3.2,2.7
E05011230,Sidcup,0,64.0,15421.0,4.15,6538,4123,63.1,51.7,5.9,18.1,1.6,7.1,3.4,3.4
E05011231,Slade Green & Northend,0,68.0,12749.0,5.334,4674,2252,48.2,59.9,14.4,45.2,2.7,14.6,5.4,7.1
E05011232,Thamesmead East,0,99.0,15926.0,6.216,5707,1922,33.7,62.4,20.6,61.6,2.7,15.2,6.6,6.5
E05011233,West Heath,0,30.0,15936.0,1.883,5948,4993,83.9,48.9,4.1,26.0,1.5,4.9,3.0,2.4
E05011234,Aldborough,0,29.0,15462.0,1.876,4981,2822,56.7,52.8,13.8,70.3,2.1,5.5,4.5,3.4
E05011235,Barkingside,0,33.0,15325.0,2.153,4895,3230,66.0,52.7,13.4,73.7,2.1,5.8,3.8,2.9
E05011236,Bridge,0,40.0,13392.0,2.987,5247,3477,66.3,48.4,7.9,36.9,1.7,7.1,3.7,3.2
E05011237,Chadwell,0,55.0,16529.0,3.327,5408,3049,56.4,54.3,15.1,71.8,2.3,10.3,4.8,4.0
E05011238,Churchfields,0,51.0,15710.0,3.246,6176,3583,58.0,46.6,11.6,40.9,2.0,7.4,4.2,3.5
E05011239,Clayhall,0,27.0,14420.0,1.872,4187,3120,74.5,52.3,11.6,80.6,1.3,5.2,4.3,3.3
E05011240,Clementswood,0,42.0,13503.0,3.11,3680,1789,48.6,63.8,24.0,87.5,2.7,7.1,5.0,5.6
E05011241,Cranbrook,0,41.0,13238.0,3.097,3977,2456,61.8,55.8,17.0,79.3,1.9,4.9,4.4,3.2
E05011242,Fairlop,0,35.0,14714.0,2.379,5254,3207,61.0,51.4,11.4,49.6,1.8,7.0,3.9,3.8
E05011243,Fullwell,0,55.0,15409.0,3.569,5231,3431,65.6,55.5,12.4,63.8,2.0,7.0,3.9,4.0
E05011244,Goodmayes,0,55.0,15259.0,3.604,4704,2245,47.7,60.9,22.1,78.8,2.6,7.3,5.4,4.7
E05011245,Hainault,0,49.0,15702.0,3.121,5741,3195,55.7,57.6,15.1,42.4,2.0,9.2,4.4,6.2
E05011246,Ilford Town,0,48.0,12327.0,3.894,4107,914,22.3,62.8,32.5,83.6,3.7,9.0,5.6,5.8
E05011247,Loxford,0,72.0,15123.0,4.761,4557,1497,32.9,65.1,27.1,81.4,2.9,11.6,6.4,6.5
E05011248,Mayfield,0,34.0,16292.0,2.087,4427,2845,64.3,57.0,17.1,82.7,2.3,6.5,4.8,4.0
E05011249,Monkhams,0,27.0,9480.0,2.848,3719,2869,77.1,42.2,4.8,32.7,1.2,3.7,2.9,1.2
E05011250,Newbury,0,42.0,14458.0,2.905,4306,2457,57.1,57.1,19.8,81.3,2.3,6.9,4.5,5.1
E05011251,Seven Kings,0,44.0,15046.0,2.924,4572,2280,49.9,59.0,20.7,78.2,2.3,7.3,5.2,5.2
E05011252,South Woodford,0,30.0,12833.0,2.338,5122,3199,62.5,42.7,9.0,40.1,1.9,4.9,3.6,2.0
E05011253,Valentines,0,54.0,15209.0,3.551,4745,2098,44.2,60.4,27.3,79.4,2.0,6.9,5.1,5.3
E05011254,Wanstead Park,0,22.0,8063.0,2.729,3059,2187,71.5,45.2,7.4,37.5,2.0,5.0,3.8,2.7
E05011255,Wanstead Village,0,37.0,12765.0,2.899,5615,3272,58.3,42.6,9.0,32.5,2.0,4.4,3.7,2.3
E05011462,Addiscombe East,0,40.0,11464.0,3.489,4635,2883,62.2,49.9,10.8,46.3,1.9,6.8,4.3,3.4
E05011463,Addiscombe West,0,66.0,16208.0,4.072,6851,2888,42.2,51.4,15.1,53.0,2.8,9.3,4.7,3.8
E05011464,Bensham Manor,0,61.0,16938.0,3.601,6091,3122,51.3,56.1,15.9,74.2,2.4,11.0,5.2,4.3
E05011465,Broad Green,0,92.0,20222.0,4.55,7343,2695,36.7,62.0,22.5,73.7,3.2,14.0,6.1,6.2
E05011466,Coulsdon Town,0,23.0,15419.0,1.492,5722,4423,77.3,40.3,5.1,34.8,1.0,6.0,3.2,1.8
E05011467,Crystal Palace & Upper Norwood,0,73.0,16352.0,4.464,7219,3965,54.9,47.5,12.5,41.5,2.8,9.5,4.6,3.5
E05011468,Fairfield,0,102.0,15345.0,6.647,7372,1652,22.4,50.1,21.7,56.1,2.6,8.7,5.9,3.3
E05011469,Kenley,0,28.0,10985.0,2.549,4137,3186,77.0,39.3,5.4,31.0,1.1,6.6,2.7,1.5
E05011470,New Addington North,0,69.0,10936.0,6.309,3636,1049,28.9,69.3,17.1,50.1,2.2,20.9,6.6,8.5
E05011471,New Addington South,0,49.0,11328.0,4.326,4050,1987,49.1,65.9,15.1,35.4,2.0,14.2,4.5,7.8
E05011472,Norbury & Pollards Hill,0,71.0,12145.0,5.846,4476,2368,52.9,54.6,15.4,64.0,2.2,10.4,5.1,3.4
E05011473,Norbury Park,0,44.0,10827.0,4.064,3697,2401,64.9,52.6,9.3,63.7,1.4,7.2,4.9,3.4
E05011474,Old Coulsdon,0,34.0,10109.0,3.363,3953,3087,78.1,46.9,4.2,23.1,1.2,6.1,3.3,2.7
E05011475,Park Hill & Whitgift,0,15.0,5787.0,2.592,2406,1265,52.6,44.9,11.4,59.4,2.3,3.9,3.8,2.7
E05011476,Purley & Woodcote,0,72.0,15184.0,4.742,5897,3880,65.8,43.7,7.9,43.0,1.4,7.3,3.3,2.5
E05011477,Purley Oaks & Riddlesdown,0,29.0,9715.0,2.985,3791,2708,71.4,41.7,7.1,41.4,1.7,6.6,4.1,1.6
E05011478,Sanderstead,0,34.0,15773.0,2.156,6006,5006,83.3,42.5,4.5,28.7,0.9,4.2,2.7,1.5
E05011479,Selhurst,0,91.0,13184.0,6.902,5249,1780,33.9,61.7,21.8,68.5,2.3,15.5,6.4,6.2
E05011480,Selsdon & Addington Village,0,39.0,9928.0,3.928,3715,2857,76.9,48.6,4.8,39.6,1.6,6.7,3.5,2.6
E05011481,Selsdon Vale & Forestdale,0,22.0,10012.0,2.197,4250,3261,76.7,47.7,5.7,27.5,1.3,6.7,3.0,1.8
E05011482,Shirley North,0,56.0,15402.0,3.636,6038,4307,71.3,51.5,6.3,42.4,1.5,8.3,3.7,3.5
E05011483,Shirley South,0,22.0,10623.0,2.071,3834,2716,70.8,50.6,9.7,43.6,1.4,10.4,4.3,3.4
E05011484,South Croydon,0,90.0,18064.0,4.982,7753,3961,51.1,47.6,14.4,43.8,2.0,9.3,4.5,2.9
E05011485,South Norwood,0,98.0,16447.0,5.959,7094,2968,41.8,56.4,19.6,58.5,2.8,11.8,5.5,5.1
E05011486,Thornton Heath,0,112.0,18002.0,6.222,7041,3570,50.7,56.5,16.5,65.8,2.5,12.6,6.4,5.2
E05011487,Waddon,0,94.0,18684.0,5.031,7355,3281,44.6,55.7,17.3,55.4,2.3,11.8,5.2,5.2
E05011488,West Thornton,0,99.0,18764.0,5.276,6492,2949,45.4,61.2,21.1,79.4,2.4,12.5,5.7,6.2
E05011489,Woodside,0,120.0,16870.0,7.113,6843,3457,50.5,52.5,14.8,57.3,2.8,12.7,6.3,5.4
E05013496,Alperton,0,47.0,15056.0,3.122,4489,1987,44.3,63.0,30.3,81.6,2.5,6.6,4.5,5.0
E05013497,Barnhill,0,43.0,11419.0,3.766,3766,1506,40.0,58.6,21.6,71.0,2.0,9.2,5.3,5.2
E05013498,Brondesbury Park,0,55.0,13435.0,4.094,5508,2308,41.9,53.6,18.3,46.4,2.3,5.8,5.3,6.2
E05013499,Cricklewood & Mapesbury,0,76.0,14151.0,5.371,5719,1870,32.7,59.3,26.1,51.1,3.0,6.8,5.0,6.6
E05013500,Dollis Hill,0,116.0,21848.0,5.309,7331,2921,39.8,65.8,23.9,66.4,2.3,10.6,6.1,7.4
E05013501,Harlesden & Kensal Green,0,116.0,20076.0,5.778,8061,2270,28.2,64.8,26.4,59.2,3.4,12.8,6.2,7.8
E05013502,Kenton,0,45.0,17686.0,2.544,5702,3307,58.0,55.8,13.7,67.7,1.3,4.7,3.9,3.4
E05013503,Kilburn,0,113.0,17212.0,6.565,7648,1845,24.1,57.1,21.9,55.2,3.1,7.7,6.7,6.4
E05013504,Kingsbury,0,29.0,11236.0,2.581,3782,1867,49.4,56.4,18.2,62.6,1.5,8.1,4.8,4.6
E05013505,Northwick Park,0,36.0,12367.0,2.911,3877,2374,61.2,52.9,14.7,73.2,1.7,4.3,4.6,2.8
E05013506,Preston,0,47.0,12662.0,3.712,3944,1808,45.8,57.3,21.9,64.3,2.2,7.2,4.3,5.8
E05013507,Queens Park,0,62.0,17158.0,3.613,7043,3068,43.6,48.5,15.6,38.4,2.3,7.4,4.6,4.3
E05013508,Queensbury,0,33.0,17189.0,1.92,5388,2893,53.7,56.1,17.4,65.6,1.6,5.0,4.7,3.2
E05013509,Roundwood,0,104.0,16707.0,6.225,6225,1414,22.7,67.7,26.2,68.2,2.7,13.9,6.5,8.8
E05013510,Stonebridge,0,118.0,20255.0,5.826,7242,1279,17.7,69.4,26.7,78.9,2.4,15.3,7.3,9.3
E05013511,Sudbury,0,33.0,13938.0,2.368,4331,1936,44.7,62.3,27.2,75.6,2.4,7.1,5.0,4.8
E05013512,Tokyngton,0,25.0,10006.0,2.499,2826,1664,58.9,62.4,19.1,78.1,2.0,5.5,5.5,4.4
E05013513,Welsh Harp,0,49.0,17921.0,2.734,5944,2754,46.3,63.1,22.4,60.2,1.9,7.6,4.9,5.1
E05013514,Wembley Central,0,51.0,17925.0,2.845,4932,1993,40.4,68.2,32.1,88.0,2.3,5.9,4.8,6.2
E05013515,Wembley Hill,0,62.0,15063.0,4.116,4627,1762,38.1,63.0,25.9,74.9,2.2,6.1,5.2,4.7
E05013516,Wembley Park,0,33.0,7548.0,4.372,2667,373,14.0,40.5,17.8,59.7,2.4,7.6,9.9,2.9
E05013517,Willesden Green,0,87.0,18957.0,4.589,7561,2397,31.7,60.4,23.1,54.2,2.7,8.0,5.8,6.3
E05013518,Central Greenford,0,20.0,14354.0,1.393,5050,2649,52.5,55.0,13.7,56.1,1.5,6.1,4.5,3.7
E05013519,Dormers Wells,0,71.0,15609.0,4.549,4809,2140,44.5,68.2,20.9,86.5,2.2,7.6,5.9,7.5
E05013520,Ealing Broadway,0,57.0,13918.0,4.095,6213,2355,37.9,43.6,14.0,39.3,3.6,4.8,4.4,3.0
E05013521,Ealing Common,0,60.0,15945.0,3.763,6693,2946,44.0,46.4,14.2,37.6,2.1,4.8,5.0,3.3
E05013522,East Acton,0,61.0,15210.0,4.011,5886,1941,33.0,55.1,20.2,51.3,2.7,8.6,5.9,4.6
E05013523,Greenford Broadway,0,57.0,17384.0,3.279,6110,2793,45.7,59.5,17.4,60.2,1.8,10.2,5.2,5.4
E05013524,Hanger Hill,0,50.0,17044.0,2.934,6759,3433,50.8,45.4,13.9,48.9,2.2,5.4,4.0,2.6
E05013525,Hanwell Broadway,0,57.0,15290.0,3.728,6207,2746,44.2,51.1,16.2,39.5,2.3,9.3,5.2,5.0
E05013526,Lady Margaret,0,37.0,15785.0,2.344,4608,2732,59.3,62.3,17.1,84.5,2.3,5.1,4.8,5.4
E05013527,North Acton,0,60.0,19043.0,3.151,7058,2458,34.8,54.3,21.7,48.2,2.5,6.6,6.3,4.9
E05013528,North Greenford,0,55.0,15557.0,3.535,5237,3056,58.4,53.3,15.7,61.9,1.4,5.3,4.3,2.8
E05013529,North Hanwell,0,41.0,15040.0,2.726,5477,2744,50.1,55.3,13.5,46.0,1.5,9.4,4.9,4.2
E05013530,Northfield,0,26.0,14265.0,1.823,5583,3556,63.7,41.3,9.6,28.6,1.7,5.6,3.9,2.6
E05013531,Northolt Mandeville,0,69.0,17532.0,3.936,6139,2951,48.1,59.3,18.5,59.3,2.1,11.3,5.4,5.1
E05013532,Northolt West End,0,56.0,16536.0,3.387,5616,2289,40.8,65.1,23.1,64.3,2.9,13.2,5.5,7.0
E05013533,Norwood Green,0,60.0,16094.0,3.728,5015,1929,38.5,62.9,23.6,82.4,2.5,8.5,5.8,7.4
E05013534,Perivale,0,59.0,16185.0,3.645,5657,3101,54.8,55.6,15.4,59.9,2.1,6.1,5.1,3.7
E05013535,Pitshanger,0,52.0,15169.0,3.428,5918,2969,50.2,49.7,14.5,44.6,2.2,8.3,5.0,4.5
E05013536,South Acton,0,114.0,16822.0,6.777,7235,2353,32.5,52.5,18.4,47.4,2.6,7.3,5.5,5.4
E05013537,Southall Broadway,0,41.0,10825.0,3.788,2844,1268,44.6,73.1,29.7,95.5,2.1,4.3,5.9,8.2
E05013538,Southall Green,0,69.0,15694.0,4.397,4248,1697,39.9,74.4,33.4,94.9,2.7,6.6,6.6,8.5
E05013539,Southall West,0,18.0,6581.0,2.735,1800,746,41.4,73.1,27.3,95.4,2.6,6.2,6.2,7.6
E05013540,Southfield,0,43.0,16472.0,2.61,7296,3770,51.7,36.5,10.4,28.9,2.0,4.6,4.2,2.2
E05013541,Walpole,0,48.0,14756.0,3.253,6197,3193,51.5,44.5,13.2,32.8,1.8,5.3,5.0,3.7
E05013542,Belmont,0,13.0,9021.0,1.441,2887,2160,74.8,46.0,8.3,64.5,1.3,3.9,3.4,2.0
E05013543,Canons,0,26.0,9735.0,2.671,3678,2353,64.0,49.9,12.7,56.2,1.0,3.5,3.0,3.6
E05013544,Centenary,0,21.0,15200.0,1.382,4728,2991,63.3,49.5,14.1,70.3,0.8,4.5,4.0,2.3
E05013545,Edgware,0,34.0,15713.0,2.164,4779,2581,54.0,58.1,20.2,61.0,1.7,5.8,4.5,4.2
E05013546,Greenhill,0,36.0,11015.0,3.268,4495,1634,36.4,50.2,20.5,66.7,2.7,5.3,5.2,3.9
E05013547,Harrow on the Hill,0,47.0,10786.0,4.358,3941,1910,48.5,49.0,16.8,56.8,1.7,6.7,4.8,3.5
E05013548,Harrow Weald,0,51.0,14341.0,3.556,5023,2912,58.0,57.8,13.3,58.2,1.4,6.6,3.9,4.5
E05013549,Hatch End,0,26.0,9822.0,2.647,3528,2564,72.7,44.2,9.1,59.5,1.1,3.8,3.2,1.6
E05013550,Headstone,0,32.0,14882.0,2.15,5174,3439,66.5,46.8,11.2,65.6,1.2,5.3,3.8,2.5
E05013551,Kenton East,0,34.0,13614.0,2.497,4179,2298,55.0,58.6,17.0,67.4,1.6,5.2,3.7,3.9
E05013552,Kenton West,0,12.0,9990.0,1.201,3055,2284,74.8,49.1,10.0,70.0,0.8,2.8,3.3,1.9
E05013553,Marlborough,0,40.0,11990.0,3.336,4248,1916,45.1,54.4,21.4,60.6,2.0,6.8,4.8,3.7
E05013554,North Harrow,0,19.0,8994.0,2.113,3159,2036,64.5,46.2,12.1,65.5,1.2,4.7,3.6,2.2
E05013555,Pinner,0,34.0,13137.0,2.588,5000,3384,67.7,44.0,8.7,53.6,1.1,4.9,3.0,2.3
E05013556,Pinner South,0,22.0,15739.0,1.398,5586,4218,75.5,42.1,8.5,59.7,0.9,3.8,3.1,2.0
E05013557,Rayners Lane,0,25.0,9143.0,2.734,2908,1938,66.6,47.5,8.8,74.5,1.8,3.9,4.0,1.4
E05013558,Roxbourne,0,38.0,9905.0,3.836,3329,1471,44.2,58.3,16.7,71.3,1.9,8.8,5.9,5.9
E05013559,Roxeth,0,50.0,15864.0,3.152,5328,2937,55.1,54.9,16.6,70.4,2.0,6.4,4.8,3.7
E05013560,Stanmore,0,53.0,13501.0,3.926,5056,3044,60.2,51.6,12.9,57.7,1.0,4.9,3.9,4.2
E05013561,Wealdstone North,0,37.0,10488.0,3.528,3385,1644,48.6,56.7,17.4,67.1,1.7,8.3,4.5,4.4
E05013562,Wealdstone South,0,22.0,7957.0,2.765,2586,1094,42.3,60.7,24.9,63.9,2.3,9.0,4.2,6.0
E05013563,West Harrow,0,31.0,10363.0,2.991,3584,1880,52.5,55.5,17.0,60.5,2.9,5.8,5.0,4.3
E05013564,Belmore,0,53.0,17493.0,3.03,5149,2872,55.8,61.5,18.1,81.8,2.3,6.6,5.7,4.1
E05013565,Charville,0,42.0,11511.0,3.649,3800,2420,63.7,57.6,15.3,59.9,1.8,7.0,4.3,3.8
E05013566,Colham & Cowley,0,81.0,19135.0,4.233,6628,3363,50.7,59.7,17.8,49.6,2.0,8.1,5.8,5.2
E05013567,Eastcote,0,39.0,16911.0,2.306,6752,5051,74.8,44.7,5.3,36.4,1.3,4.6,3.1,2.0
E05013568,Harefield Village,0,17.0,5741.0,2.961,2328,1551,66.6,50.6,7.9,18.9,0.9,7.4,3.4,3.1
E05013569,Hayes Town,0,71.0,14998.0,4.734,4943,1697,34.3,62.3,26.0,75.8,2.5,8.2,6.4,5.5
E05013570,Heathrow Villages,0,83.0,14041.0,5.911,4821,1915,39.7,66.7,28.8,60.4,2.6,7.9,7.0,6.4
E05013571,Hillingdon East,0,40.0,15804.0,2.531,5467,3632,66.4,51.7,11.1,49.1,1.0,7.2,4.3,4.0
E05013572,Hillingdon West,0,31.0,9690.0,3.199,3732,2008,53.8,46.6,12.7,47.1,1.4,5.5,4.9,3.8
E05013573,Ickenham & South Harefield,0,31.0,15516.0,1.998,6042,4538,75.1,41.4,5.5,33.1,1.2,4.3,2.8,1.8
E05013574,Northwood,0,35.0,11310.0,3.095,4757,2811,59.1,44.6,8.3,48.5,1.0,4.9,2.8,2.9
E05013575,Northwood Hills,0,36.0,11771.0,3.058,4515,2784,61.7,48.2,11.0,47.4,1.4,5.6,3.5,3.3
E05013576,Pinkwell,0,47.0,16709.0,2.813,5095,2590,50.8,63.0,20.2,78.5,2.2,8.2,6.1,5.4
E05013577,Ruislip,0,40.0,15441.0,2.591,6223,4423,71.1,45.4,6.4,26.0,1.4,4.7,2.9,2.2
E05013578,Ruislip Manor,0,20.0,10980.0,1.821,4203,3259,77.5,45.6,7.0,27.3,1.2,5.5,3.7,1.8
E05013579,South Ruislip,0,42.0,16838.0,2.494,6139,4149,67.6,48.1,9.2,39.4,1.6,6.4,3.7,2.5
E05013580,Uxbridge,0,67.0,17962.0,3.73,6413,3165,49.4,53.0,14.8,45.6,1.8,7.0,6.0,4.3
E05013581,West Drayton,0,65.0,18433.0,3.526,6519,3008,46.1,56.3,16.4,49.5,1.8,9.5,5.7,5.2
E05013582,Wood End,0,84.0,19802.0,4.242,6324,2750,43.5,65.1,20.8,69.9,2.1,9.7,5.1,6.5
E05013583,Yeading,0,51.0,13416.0,3.801,4734,2123,44.8,63.6,23.6,65.4,2.4,12.4,6.1,6.1
E05013584,Yiewsley,0,55.0,12406.0,4.433,4651,1722,37.0,60.7,20.2,44.4,2.8,12.6,5.6,5.6
E05013585,Alexandra Park,1,28.0,8838.0,3.168,3318,2263,68.2,41.1,10.7,25.4,1.5,6.1,3.9,2.3
E05013586,Bounds Green,1,42.0,9833.0,4.271,4096,1477,36.1,56.9,22.1,38.9,2.4,10.0,5.1,5.5
E05013587,Bruce Castle,1,89.0,13477.0,6.604,5104,1159,22.7,69.3,28.2,62.7,2.5,15.7,6.7,9.0
E05013588,Crouch End,1,47.0,13040.0,3.604,6086,2960,48.6,42.9,14.7,23.5,2.1,4.8,3.9,3.0
E05013589,Fortis Green,1,54.0,12598.0,4.286,4880,2889,59.2,41.1,10.4,25.8,1.7,6.4,4.0,2.2
E05013590,Harringay,1,63.0,14568.0,4.325,6189,2271,36.7,57.1,25.9,34.7,2.5,5.8,5.6,6.0
E05013591,Hermitage & Gardens,1,35.0,8437.0,4.148,3069,1003,32.7,61.3,24.7,43.3,2.2,6.8,6.5,7.2
E05013592,Highgate,1,40.0,12764.0,3.134,5773,2927,50.7,39.3,11.4,24.8,2.1,4.3,3.8,2.6
E05013593,Hornsey,1,82.0,15035.0,5.454,6704,2784,41.5,47.6,13.8,33.1,2.3,6.9,4.7,4.6
E05013594,Muswell Hill,1,34.0,8779.0,3.873,3813,2111,55.4,42.4,12.4,22.2,2.0,5.2,4.1,2.1
E05013595,Noel Park,1,87.0,13714.0,6.344,5342,1512,28.3,63.2,21.9,49.0,2.0,9.0,6.4,7.6
E05013596,Northumberland Park,1,98.0,14705.0,6.664,5649,1238,21.9,71.3,28.4,63.7,3.2,15.0,7.2,9.9
E05013597,St Ann's,1,38.0,10590.0,3.588,4074,1425,35.0,62.5,23.0,49.1,2.2,9.4,5.6,7.5
E05013598,Seven Sisters,1,51.0,9238.0,5.521,3457,893,25.8,66.6,27.9,53.7,2.4,11.2,6.8,7.9
E05013599,South Tottenham,1,96.0,16821.0,5.707,5441,1421,26.1,64.6,24.9,50.2,2.8,9.8,6.0,6.6
E05013600,Stroud Green,1,48.0,10791.0,4.448,4920,2126,43.2,47.1,16.3,28.7,1.8,4.5,4.4,4.4
E05013601,Tottenham Central,1,115.0,14739.0,7.802,6040,1705,28.2,63.1,25.0,53.4,2.8,10.1,6.0,7.2
E05013602,Tottenham Hale,1,54.0,12176.0,4.435,4038,1156,28.6,60.5,21.8,57.3,3.0,12.4,6.6,6.6
E05013603,West Green,1,71.0,14968.0,4.743,5849,2134,36.5,61.7,23.2,49.3,2.2,9.0,5.7,7.0
E05013604,White Hart Lane,1,70.0,13882.0,5.043,5067,1802,35.6,65.4,19.0,54.9,2.1,11.3,6.4,8.9
E05013605,Woodside,1,69.0,15245.0,4.526,6190,1860,30.0,64.2,26.9,41.8,2.9,8.4,6.0,8.3
E05013606,Bedfont,0,54.0,15149.0,3.565,5316,2353,44.3,62.3,16.3,49.0,2.1,9.1,5.1,5.6
E05013607,Brentford East,0,34.0,8692.0,3.912,3647,895,24.5,57.6,19.7,50.4,2.6,11.5,5.7,6.4
E05013608,Brentford West,0,34.0,7879.0,4.315,3365,1646,48.9,47.8,12.9,32.8,2.5,6.5,4.5,3.1
E05013609,Chiswick Gunnersbury,0,56.0,12697.0,4.41,5730,2649,46.2,42.4,11.4,31.4,2.5,4.6,4.2,3.6
E05013610,Chiswick Homefields,0,47.0,13740.0,3.421,5815,3103,53.4,37.6,8.6,25.8,1.4,4.7,3.2,2.1
E05013611,Chiswick Riverside,0,37.0,10301.0,3.592,4459,2319,52.0,39.5,9.6,26.9,2.0,5.9,3.6,2.8
E05013612,Cranford,0,44.0,16028.0,2.745,4991,1816,36.4,67.4,23.8,76.7,2.6,7.4,6.4,6.7
E05013613,Feltham North,0,57.0,12906.0,4.417,4221,2191,51.9,63.5,17.5,54.8,2.3,7.0,5.0,5.4
E05013614,Feltham West,0,75.0,16224.0,4.623,5692,2562,45.0,58.4,19.1,46.8,3.2,9.5,5.7,5.2
E05013615,Hanworth Park,0,32.0,10403.0,3.076,3871,2084,53.8,57.6,17.1,43.2,1.8,8.2,4.4,4.1
E05013616,Hanworth Village,0,65.0,16265.0,3.996,5659,2654,46.9,62.1,18.1,44.9,2.1,10.3,5.5,5.8
E05013617,Heston Central,0,34.0,14534.0,2.339,4329,2127,49.1,63.2,21.9,80.3,2.3,6.1,5.7,5.4
E05013618,Heston East,0,34.0,11158.0,3.047,3549,1690,47.6,60.1,20.1,78.5,2.4,7.4,5.6,4.3
E05013619,Heston West,0,43.0,15729.0,2.734,4708,2235,47.5,65.0,21.6,83.8,2.2,7.0,5.7,5.9
E05013620,Hounslow Central,0,35.0,10659.0,3.284,3636,1014,27.9,62.0,32.6,75.3,3.9,8.6,6.4,5.3
E05013621,Hounslow East,0,50.0,8672.0,5.766,3040,1078,35.5,59.6,20.1,68.9,3.2,9.8,5.5,4.8
E05013622,Hounslow Heath,0,74.0,16075.0,4.603,5154,1970,38.2,64.8,26.1,72.4,3.0,7.8,6.1,5.7
E05013623,Hounslow South,0,31.0,13748.0,2.255,4805,3080,64.1,51.1,11.6,47.9,1.9,5.1,4.2,2.9
E05013624,Hounslow West,0,59.0,15915.0,3.707,4879,1785,36.6,67.2,30.2,77.8,2.3,5.6,5.9,6.2
E05013625,Isleworth,0,58.0,13799.0,4.203,5453,2623,48.1,50.9,14.5,40.2,1.9,9.4,4.5,4.2
E05013626,Osterley & Spring Grove,0,56.0,14660.0,3.82,5273,2970,56.3,47.4,14.6,57.3,1.7,4.8,4.7,2.2
E05013627,Syon & Brentford Lock,0,32.0,12948.0,2.471,5366,2200,41.0,50.1,14.9,42.5,2.6,7.8,5.1,5.3
E05013628,Barnet Vale,0,51.0,16869.0,3.023,7097,4508,63.5,47.6,9.5,33.0,2.1,6.4,4.2,3.3
E05013629,Brunswick Park,0,43.0,16209.0,2.653,5990,4245,70.9,48.4,7.0,40.0,1.6,6.4,3.7,2.7
E05013630,Burnt Oak,0,97.0,21857.0,4.438,7394,2787,37.7,65.5,25.1,57.0,2.2,11.8,5.5,6.9
E05013631,Childs Hill,0,80.0,19629.0,4.076,7978,3467,43.5,50.7,17.3,41.8,2.8,6.2,4.3,5.1
E05013632,Colindale North,0,75.0,12060.0,6.219,4472,1239,27.7,61.5,26.0,61.6,3.3,13.8,6.1,7.1
E05013633,Colindale South,0,74.0,19413.0,3.812,7469,2580,34.5,49.7,20.7,62.7,3.4,7.5,5.8,4.6
E05013634,Cricklewood,0,55.0,10724.0,5.129,3968,1384,34.9,60.5,20.3,56.6,2.3,11.2,6.1,6.9
E05013635,East Barnet,0,42.0,18144.0,2.315,6991,4372,62.5,48.4,10.2,32.1,1.8,8.7,4.2,3.8
E05013636,East Finchley,0,53.0,16639.0,3.185,6899,3325,48.2,50.9,13.1,34.2,1.9,6.8,5.0,3.9
E05013637,Edgware,0,56.0,19998.0,2.8,7210,4290,59.5,48.5,11.8,44.5,1.3,6.8,3.9,2.7
E05013638,Edgwarebury,0,39.0,12109.0,3.221,3995,2494,62.4,51.4,11.6,42.7,1.2,7.4,3.4,3.9
E05013639,Finchley Church End,0,75.0,18840.0,3.981,7562,4354,57.6,47.0,13.0,37.9,2.0,5.4,4.4,3.4
E05013640,Friern Barnet,0,80.0,19449.0,4.113,7651,4008,52.4,50.7,14.7,38.8,1.7,9.7,4.5,4.0
E05013641,Garden Suburb,0,46.0,12207.0,3.768,4893,3391,69.3,35.8,5.3,29.8,1.4,4.5,2.5,1.3
E05013642,Golders Green,0,83.0,14746.0,5.629,5028,2205,43.9,53.7,16.9,30.3,2.3,4.0,3.4,5.2
E05013643,Hendon,0,111.0,21981.0,5.05,8268,3523,42.6,54.9,20.4,36.8,2.7,6.3,5.1,4.7
E05013644,High Barnet,0,32.0,11930.0,2.682,4793,3241,67.6,45.4,7.1,28.2,1.7,5.2,3.5,2.5
E05013645,Mill Hill,0,67.0,18307.0,3.66,6919,4419,63.9,46.0,8.7,42.0,1.3,5.7,3.6,2.9
E05013646,Totteridge & Woodside,0,44.0,14493.0,3.036,5483,3646,66.5,38.1,7.6,43.9,1.3,4.7,3.1,2.1
E05013647,Underhill,0,41.0,12371.0,3.314,4844,2720,56.2,51.7,10.7,36.6,1.5,8.2,3.9,4.7
E05013648,West Finchley,0,64.0,19430.0,3.294,7751,4060,52.4,48.1,14.5,44.3,1.6,5.2,4.5,3.8
E05013649,West Hendon,0,68.0,17251.0,3.942,6457,2686,41.6,57.9,22.0,53.0,2.4,5.4,5.0,5.1
E05013650,Whetstone,0,21.0,10772.0,1.949,4285,2763,64.5,43.6,8.4,37.5,1.3,5.3,3.9,3.2
E05013651,Woodhouse,0,55.0,13914.0,3.953,5514,2701,49.0,52.6,14.9,43.0,2.6,7.5,4.4,4.2
E05013652,Belsize,1,64.0,12299.0,5.204,5991,2449,40.9,40.0,19.1,28.0,3.6,3.5,3.2,2.5
E05013653,Bloomsbury,1,94.0,11095.0,8.472,4612,1081,23.4,55.9,27.0,45.6,4.0,3.4,5.9,4.8
E05013654,Camden Square,1,50.0,7555.0,6.618,3403,849,24.9,55.9,21.7,40.9,3.2,7.5,6.5,6.5
E05013655,Camden Town,1,49.0,6389.0,7.669,2816,619,22.0,55.2,22.3,42.5,4.4,7.0,6.2,7.3
E05013656,Fortune Green,1,54.0,11410.0,4.733,5064,1927,38.1,48.3,21.0,36.1,2.7,5.2,4.1,5.5
E05013657,Frognal,1,25.0,7725.0,3.236,3303,1577,47.7,36.8,11.1,32.7,2.2,4.8,3.2,2.4
E05013658,Gospel Oak,1,69.0,11616.0,5.94,5187,1519,29.3,57.6,21.4,37.8,2.4,7.8,5.2,7.9
E05013659,Hampstead Town,1,34.0,8016.0,4.242,3724,1960,52.6,35.2,9.4,21.9,2.9,3.7,2.7,1.8
E05013660,Haverstock,1,68.0,12038.0,5.649,5111,1271,24.9,58.1,22.7,43.4,2.8,9.0,5.4,7.7
E05013661,Highgate,1,64.0,10226.0,6.259,4449,2079,46.7,48.7,13.1,25.9,2.0,6.7,4.3,4.9
E05013662,Holborn & Covent Garden,1,64.0,10359.0,6.178,5059,952,18.8,56.0,23.6,47.2,3.5,5.6,5.4,6.1
E05013663,Kentish Town North,1,49.0,7156.0,6.847,3307,1144,34.6,48.5,18.4,28.1,2.2,6.7,4.5,5.0
E05013664,Kentish Town South,1,70.0,10421.0,6.717,4375,1341,30.7,54.8,21.4,37.0,2.6,7.8,5.0,7.4
E05013665,Kilburn,1,73.0,12061.0,6.053,5560,1087,19.6,65.0,30.0,50.4,3.6,8.6,5.9,9.2
E05013666,King's Cross,1,86.0,11462.0,7.503,4420,807,18.3,57.2,23.9,55.6,3.6,7.0,7.0,6.4
E05013667,Primrose Hill,1,65.0,12543.0,5.182,5658,2091,37.0,47.5,18.6,36.3,3.7,5.6,3.9,4.8
E05013668,Regent's Park,1,81.0,11926.0,6.792,4966,895,18.0,61.0,28.1,52.2,3.6,7.5,6.4,7.5
E05013669,St Pancras & Somers Town,1,85.0,12512.0,6.793,4870,582,12.0,69.9,30.3,58.0,3.3,10.2,6.8,11.0
E05013670,South Hampstead,1,41.0,12166.0,3.37,5548,1693,30.5,45.1,19.5,37.8,2.7,5.5,4.5,3.7
E05013671,West Hampstead,1,57.0,11162.0,5.107,5343,1585,29.7,47.9,21.4,38.1,2.7,5.2,4.3,5.9
E05013672,Arnos Grove,0,30.0,8218.0,3.651,2959,2155,72.8,45.0,7.5,37.9,1.3,4.4,3.4,1.5
E05013673,Bowes,0,49.0,10791.0,4.541,3836,1889,49.2,62.4,19.5,45.8,2.0,9.2,6.6,5.9
E05013674,Brimsdown,0,66.0,16250.0,4.062,5636,2591,46.0,64.7,18.1,56.2,2.7,18.8,5.7,7.2
E05013675,Bullsmoor,0,51.0,11456.0,4.452,3974,1809,45.5,65.2,16.7,51.7,2.3,16.1,5.2,6.6
E05013676,Bush Hill Park,0,29.0,12707.0,2.282,4878,3764,77.2,49.6,7.6,36.1,1.3,5.3,3.6,2.3
E05013677,Carterhatch,0,51.0,12367.0,4.124,4049,1539,38.0,69.1,21.9,58.0,2.8,18.3,5.5,8.4
E05013678,Cockfosters,0,31.0,10607.0,2.923,4021,2646,65.8,48.2,8.0,35.8,1.1,6.2,2.9,3.2
E05013679,Edmonton Green,0,96.0,17132.0,5.604,6256,1651,26.4,72.9,27.6,66.4,2.6,16.0,5.9,10.3
E05013680,Enfield Lock,0,91.0,17818.0,5.107,6408,2555,39.9,63.2,20.0,57.2,2.7,19.8,5.7,7.1
E05013681,Grange Park,0,17.0,9362.0,1.816,3675,2712,73.8,43.3,6.3,28.6,1.4,6.0,3.2,1.5
E05013682,Haselbury,0,82.0,18135.0,4.522,6145,2821,45.9,66.3,21.5,58.3,2.7,13.0,5.1,7.4
E05013683,Highfield,0,28.0,9248.0,3.028,3288,2194,66.7,56.4,9.8,48.9,1.4,6.9,4.3,4.2
E05013684,Jubilee,0,62.0,16545.0,3.747,5747,2801,48.7,64.1,17.6,61.2,2.9,14.6,5.1,6.7
E05013685,Lower Edmonton,0,72.0,16554.0,4.349,5826,2082,35.7,67.9,21.5,65.3,2.6,16.4,5.6,7.1
E05013686,New Southgate,0,35.0,11908.0,2.939,4574,2158,47.2,54.3,18.3,39.6,2.3,9.0,4.8,4.3
E05013687,Oakwood,0,23.0,8747.0,2.629,3258,2211,67.9,45.2,7.2,40.9,1.5,8.0,3.6,1.8
E05013688,Palmers Green,0,44.0,11014.0,3.995,4202,2301,54.8,51.8,19.0,31.9,1.9,6.5,4.8,4.1
E05013689,Ponders End,0,55.0,13679.0,4.021,4536,1651,36.4,67.2,24.5,69.3,2.9,17.0,5.9,8.1
E05013690,Ridgeway,0,37.0,12533.0,2.952,5447,3669,67.4,47.6,10.6,28.5,1.7,7.5,3.0,3.1
E05013691,Southbury,0,54.0,15910.0,3.394,5965,3252,54.5,55.1,17.0,43.7,2.3,13.3,4.5,5.2
E05013692,Southgate,0,45.0,14515.0,3.1,5668,3352,59.1,48.8,11.9,36.6,1.8,7.5,4.0,3.1
E05013693,Town,0,32.0,13517.0,2.367,5496,3575,65.0,46.6,9.4,29.4,1.6,8.9,3.4,3.3
E05013694,Upper Edmonton,0,71.0,16724.0,4.245,5581,1874,33.6,69.2,26.9,65.3,3.2,15.3,6.2,9.3
E05013695,Whitewebbs,0,44.0,13844.0,3.178,5503,3327,60.5,54.3,12.8,30.4,2.4,11.2,4.3,5.4
E05013696,Winchmore Hill,0,28.0,10398.0,2.693,3999,2769,69.2,44.6,9.7,28.3,1.3,5.5,3.1,2.0
E05013697,Arsenal,1,53.0,13125.0,4.038,6013,1764,29.3,46.1,14.8,36.7,3.1,7.0,4.9,4.3
E05013698,Barnsbury,1,54.0,11710.0,4.611,5554,1711,30.8,45.4,13.0,28.8,2.6,6.6,5.0,5.4
E05013699,Bunhill,1,82.0,11164.0,7.345,5069,1052,20.8,51.1,16.1,41.6,3.7,9.1,5.8,5.3
E05013700,Caledonian,1,41.0,11580.0,3.541,5043,851,16.9,58.4,18.8,47.3,3.2,8.4,6.6,7.4
E05013701,Canonbury,1,80.0,12666.0,6.316,5867,1584,27.0,51.7,13.3,32.4,2.2,8.7,4.8,6.2
E05013702,Clerkenwell,1,75.0,10954.0,6.847,4920,1267,25.8,49.4,13.8,35.8,3.2,7.6,6.6,6.3
E05013703,Finsbury Park,1,74.0,14645.0,5.053,6103,1238,20.3,59.8,21.4,50.0,2.8,9.2,7.0,7.9
E05013704,Highbury,1,87.0,13808.0,6.301,6013,2324,38.6,42.9,10.8,29.9,1.8,5.5,3.5,3.7
E05013705,Hillrise,1,68.0,14970.0,4.542,6439,1959,30.4,55.3,15.9,38.7,1.9,9.4,5.2,6.1
E05013706,Holloway,1,51.0,12737.0,4.004,5365,1182,22.0,55.6,16.1,43.3,2.6,8.0,5.8,6.0
E05013707,Junction,1,94.0,12854.0,7.313,5853,1563,26.7,54.0,16.4,36.1,2.2,7.2,4.9,6.1
E05013708,Laycock,1,83.0,12442.0,6.671,5364,1251,23.3,55.4,14.8,39.3,2.6,9.3,5.6,7.6
E05013709,Mildmay,1,70.0,14266.0,4.907,6151,1603,26.1,51.9,16.3,38.2,2.0,9.5,6.0,6.7
E05013710,St Mary's & St James',1,49.0,11888.0,4.122,5647,1527,27.0,45.9,11.4,30.2,2.1,7.8,4.6,5.2
E05013711,St Peter's & Canalside,1,81.0,11622.0,6.97,5472,1269,23.2,47.5,13.2,38.1,2.9,8.5,4.9,5.4
E05013712,Tollington,1,88.0,13764.0,6.393,6113,1810,29.6,53.5,17.8,39.2,2.5,7.5,5.5,7.2
E05013713,Tufnell Park,1,60.0,12394.0,4.841,5513,1785,32.4,54.1,17.2,34.7,2.4,8.2,5.5,6.2
E05013714,Bellingham,1,62.0,11661.0,5.317,4643,1374,29.6,63.7,19.4,60.9,2.2,15.0,6.2,8.5
E05013715,Blackheath,1,60.0,16429.0,3.652,7385,2878,39.0,47.4,13.9,37.7,2.3,7.8,5.4,4.1
E05013716,Brockley,1,110.0,17498.0,6.286,7348,2695,36.7,47.9,16.0,43.0,3.1,7.8,5.9,4.2
E05013717,Catford South,1,74.0,17258.0,4.288,6264,3796,60.6,53.1,12.8,56.6,1.8,9.1,5.0,4.1
E05013718,Crofton Park,1,55.0,15427.0,3.565,6205,3550,57.2,44.7,10.7,36.8,1.8,7.4,4.5,3.6
E05013719,Deptford,1,126.0,17002.0,7.411,7097,1692,23.8,58.1,22.3,60.6,3.7,10.8,7.0,5.9
E05013720,Downham,1,75.0,18360.0,4.085,6888,2976,43.2,62.0,16.5,49.1,2.3,13.7,5.9,7.8
E05013721,Evelyn,1,69.0,14435.0,4.78,6131,1423,23.2,53.8,21.5,55.6,3.2,9.9,6.7,5.8
E05013722,Forest Hill,1,95.0,15173.0,6.261,6411,3145,49.1,46.8,13.5,38.9,2.1,9.2,5.2,3.7
E05013723,Grove Park,1,67.0,15733.0,4.259,6304,3205,50.8,53.5,13.4,45.5,1.8,10.2,5.2,5.1
E05013724,Hither Green,1,116.0,20148.0,5.757,7965,3600,45.2,54.4,17.1,55.2,2.9,11.2,6.1,5.2
E05013725,Ladywell,1,66.0,15576.0,4.237,6239,2935,47.0,51.4,14.3,46.2,1.8,9.1,5.2,4.2
E05013726,Lee Green,1,52.0,15016.0,3.463,6141,3293,53.6,46.2,10.5,36.8,1.9,7.6,4.9,3.6
E05013727,Lewisham Central,1,53.0,8199.0,6.464,3804,959,25.2,47.0,18.5,52.0,3.0,8.3,7.4,3.8
E05013728,New Cross Gate,1,69.0,11077.0,6.229,4232,970,22.9,62.0,27.9,61.7,3.4,11.5,7.7,6.3
E05013729,Perry Vale,1,102.0,18657.0,5.467,7627,4046,53.0,49.2,13.5,42.6,2.2,9.4,4.9,4.4
E05013730,Rushey Green,1,107.0,19019.0,5.626,7825,3219,41.1,56.2,19.7,54.7,2.7,12.1,5.5,6.9
E05013731,Sydenham,1,99.0,16975.0,5.832,7118,3075,43.2,53.6,15.2,44.2,2.7,10.7,5.1,5.1
E05013732,Telegraph Hill,1,75.0,16915.0,4.434,6761,2398,35.5,55.0,17.9,49.3,2.2,9.3,6.1,5.7
E05013733,Addison,1,43.0,7718.0,5.571,3787,1044,27.6,52.5,22.6,38.5,3.1,6.2,5.8,5.1
E05013734,Avonmore,1,37.0,7530.0,4.914,3658,1062,29.0,50.4,19.5,40.8,3.4,4.7,5.3,4.0
E05013735,Brook Green,1,43.0,8250.0,5.212,3872,1366,35.3,44.5,16.6,32.3,3.6,5.2,4.3,3.6
E05013736,College Park & Old Oak,1,53.0,9984.0,5.308,3877,804,20.7,61.8,25.4,55.1,2.9,9.2,5.9,7.1
E05013737,Coningham,1,68.0,10584.0,6.425,4803,1264,26.3,54.2,20.6,40.9,3.2,7.0,5.6,6.1
E05013738,Fulham Reach,1,40.0,12167.0,3.288,5361,1765,32.9,48.6,16.0,34.4,2.6,5.2,4.3,4.2
E05013739,Fulham Town,1,37.0,7391.0,5.006,3375,1304,38.6,36.9,12.6,21.8,2.3,4.0,4.2,2.6
E05013740,Grove,1,37.0,7247.0,5.106,3364,1304,38.8,44.0,14.2,30.3,1.8,5.4,4.5,3.7
E05013741,Hammersmith Broadway,1,30.0,7850.0,3.822,3609,879,24.4,52.3,18.9,42.8,2.7,8.0,4.9,5.6
E05013742,Lillie,1,40.0,6709.0,5.962,3206,759,23.7,50.6,17.9,39.6,3.1,6.3,4.9,5.0
E05013743,Munster,1,42.0,12136.0,3.461,5300,2256,42.6,39.0,12.7,21.9,2.0,4.2,3.8,3.3
E05013744,Palace & Hurlingham,1,34.0,11173.0,3.043,4645,2375,51.1,39.1,11.3,21.9,2.2,4.9,3.6,2.3
E05013745,Parsons Green & Sandford,1,32.0,7727.0,4.141,3121,1540,49.3,33.9,9.5,22.4,1.8,4.5,3.5,2.7
E05013746,Ravenscourt,1,31.0,6932.0,4.472,3079,1096,35.6,45.7,15.7,34.7,4.6,5.7,4.4,4.7
E05013747,Sands End,1,60.0,11129.0,5.391,5138,1599,31.1,46.1,16.8,37.9,3.0,8.4,5.3,3.5
E05013748,Shepherd's Bush Green,1,62.0,5570.0,11.131,2625,445,17.0,62.6,28.3,52.6,2.7,9.3,6.5,7.2
E05013749,Walham Green,1,34.0,7952.0,4.276,3594,943,26.2,49.5,16.4,34.4,2.7,6.9,4.9,5.0
E05013750,Wendell Park,1,33.0,7419.0,4.448,3142,1368,43.5,45.6,15.7,33.4,2.1,6.4,5.1,4.5
E05013751,West Kensington,1,51.0,9308.0,5.479,4501,1025,22.8,53.6,24.2,40.7,2.9,6.8,6.1,4.8
E05013752,White City,1,57.0,10393.0,5.484,4201,910,21.7,58.4,24.5,56.9,2.5,11.4,6.3,6.3
E05013753,Wormholt,1,24.0,7985.0,3.006,2988,980,32.8,55.8,17.1,45.7,1.6,9.7,5.6,6.1
E05013754,Beddington,0,18.0,11068.0,1.626,4155,3230,77.7,47.8,7.1,37.2,1.5,6.3,3.3,2.8
E05013755,Belmont,0,46.0,11864.0,3.877,4865,3164,65.0,44.0,8.8,35.0,1.8,6.1,3.1,2.8
E05013756,Carshalton Central,0,29.0,11538.0,2.513,4630,3398,73.4,43.2,6.1,21.2,1.8,5.8,2.9,2.4
E05013757,Carshalton South & Clockhouse,0,17.0,9960.0,1.707,3600,2904,80.7,43.2,5.1,25.4,1.4,6.1,2.8,1.8
E05013758,Cheam,0,28.0,10810.0,2.59,4085,3224,78.9,42.5,4.5,29.0,1.3,3.9,2.5,1.7
E05013759,Hackbridge,0,21.0,6578.0,3.192,2756,1659,60.2,44.4,12.5,37.1,3.0,8.8,3.7,2.9
E05013760,North Cheam,0,34.0,11161.0,3.046,4176,3382,81.0,45.5,5.9,28.5,1.1,5.2,3.1,2.2
E05013761,St Helier East,0,34.0,8556.0,3.974,3131,1506,48.1,62.1,15.0,31.7,1.8,11.7,4.5,7.2
E05013762,St Helier West,0,52.0,12178.0,4.27,4420,2080,47.1,63.4,17.0,34.6,2.3,10.5,4.4,6.8
E05013763,South Beddington & Roundshaw,0,34.0,10913.0,3.116,4067,2206,54.2,56.0,11.3,40.3,0.8,10.2,3.5,5.4
E05013764,Stonecot,0,21.0,8279.0,2.537,2958,2344,79.2,48.9,6.7,33.6,1.5,4.9,3.1,2.5
E05013765,Sutton Central,0,71.0,12566.0,5.65,5407,2200,40.7,54.0,18.2,37.0,2.9,9.6,4.6,4.4
E05013766,Sutton North,0,44.0,11296.0,3.895,4251,2994,70.4,49.8,8.1,33.8,1.3,6.7,3.3,2.5
E05013767,Sutton South,0,59.0,12247.0,4.818,5594,2539,45.4,48.6,14.2,35.3,2.8,6.0,3.8,2.8
E05013768,Sutton West & East Cheam,0,27.0,10907.0,2.475,4468,2865,64.1,46.6,9.4,31.8,1.7,6.1,3.1,2.6
E05013769,The Wrythe,0,38.0,10938.0,3.474,4245,2883,67.9,50.0,8.6,26.2,2.0,8.7,3.5,4.2
E05013770,Wallington North,0,55.0,12236.0,4.495,4980,3140,63.1,49.3,10.2,28.4,1.8,7.6,3.0,3.1
E05013771,Wallington South,0,38.0,11048.0,3.44,4654,2832,60.9,52.8,9.5,33.7,2.8,8.1,3.0,4.0
E05013772,Worcester Park North,0,22.0,8424.0,2.612,3208,2190,68.3,44.5,7.5,29.2,1.5,7.2,3.7,2.4
E05013773,Worcester Park South,0,12.0,7071.0,1.697,2695,2303,85.5,42.2,2.7,22.4,0.7,2.8,2.6,1.0
E05013774,Barnes,0,37.0,10424.0,3.55,4290,2475,57.7,37.2,6.3,19.0,1.4,5.1,3.4,2.4
E05013775,East Sheen,0,26.0,10671.0,2.437,4125,2926,70.9,33.3,5.0,15.4,1.4,3.8,2.8,1.2
E05013776,Fulwell & Hampton Hill,0,31.0,10722.0,2.891,4439,3091,69.6,37.4,6.5,14.0,1.5,5.5,3.2,1.9
E05013777,"Ham, Petersham & Richmond Riverside",0,35.0,10829.0,3.232,4401,2576,58.5,43.3,8.0,21.5,1.9,7.1,3.0,3.5
E05013778,Hampton,0,25.0,10299.0,2.427,4254,2950,69.3,39.6,5.2,15.5,1.4,4.9,2.7,2.1
E05013779,Hampton North,0,35.0,9716.0,3.602,4095,2454,59.9,50.7,8.5,23.5,1.8,7.4,4.0,4.6
E05013780,Hampton Wick & South Teddington,0,30.0,10755.0,2.789,4635,2857,61.6,39.7,7.3,16.0,1.5,5.8,3.3,2.4
E05013781,Heathfield,0,31.0,10412.0,2.977,3750,2320,61.9,54.1,10.5,40.4,1.4,7.5,4.2,3.9
E05013782,Kew,0,36.0,11839.0,3.041,5002,3049,61.0,34.4,6.7,22.2,1.5,4.3,3.3,1.7
E05013783,Mortlake & Barnes Common,0,37.0,12033.0,3.075,5227,2882,55.1,37.9,7.8,16.6,1.4,6.3,3.2,2.5
E05013784,North Richmond,0,37.0,10629.0,3.481,4544,2525,55.6,38.0,7.0,22.4,1.9,5.0,3.3,2.0
E05013785,St Margarets & North Twickenham,0,33.0,11945.0,2.763,4805,3161,65.8,32.4,5.8,17.4,1.6,4.6,3.3,1.0
E05013786,South Richmond,0,36.0,11081.0,3.249,5046,2584,51.2,35.4,7.8,19.6,2.1,3.5,3.3,1.8
E05013787,South Twickenham,0,29.0,10629.0,2.728,4166,2852,68.5,35.2,6.0,13.8,1.4,4.4,4.1,1.2
E05013788,Teddington,0,25.0,10562.0,2.367,4721,3029,64.2,36.3,6.9,12.8,1.3,4.2,3.5,1.7
E05013789,Twickenham Riverside,0,31.0,10992.0,2.82,4855,2722,56.1,36.1,10.2,15.8,2.7,4.1,3.4,1.5
E05013790,West Twickenham,0,28.0,11308.0,2.476,4325,3003,69.4,40.1,5.8,20.4,1.2,6.6,3.2,2.9
E05013791,Whitton,0,24.0,10437.0,2.3,4024,2902,72.1,45.8,6.0,27.1,1.2,4.9,3.5,2.6
E05013792,Abbey Road,1,49.0,13043.0,3.757,6085,2191,36.0,43.4,16.4,41.6,4.5,3.4,3.7,4.2
E05013793,Bayswater,1,79.0,12366.0,6.388,6211,1951,31.4,46.0,21.4,35.0,4.0,3.2,4.7,4.4
E05013794,Church Street,1,123.0,11670.0,10.54,4544,622,13.7,72.9,32.1,67.0,4.2,10.2,6.4,14.4
E05013795,Harrow Road,1,56.0,11381.0,4.92,5105,1135,22.2,57.8,25.0,53.7,2.4,9.0,5.3,8.5
E05013796,Hyde Park,1,64.0,10321.0,6.201,4690,1297,27.7,47.6,21.8,53.2,4.8,4.4,4.6,5.7
E05013797,Knightsbridge & Belgravia,1,76.0,11028.0,6.892,4942,1765,35.7,37.3,10.4,37.3,3.8,4.5,3.6,2.7
E05013798,Lancaster Gate,1,71.0,10950.0,6.484,5521,1589,28.8,48.6,26.3,39.7,6.2,3.0,4.4,4.1
E05013799,Little Venice,1,48.0,10366.0,4.631,4464,1582,35.4,48.0,19.7,39.2,5.2,4.4,3.9,7.6
E05013800,Maida Vale,1,45.0,11660.0,3.859,4976,1473,29.6,49.8,18.9,41.7,3.8,7.0,5.5,6.5
E05013801,Marylebone,1,80.0,12157.0,6.581,6186,1900,30.7,37.4,14.7,34.8,5.0,2.1,3.6,2.4
E05013802,Pimlico North,1,84.0,10317.0,8.142,5242,1577,30.1,48.3,21.9,33.8,3.6,3.8,4.2,5.4
E05013803,Pimlico South,1,73.0,10692.0,6.828,4997,1031,20.6,57.6,25.6,43.7,3.6,6.8,5.3,7.4
E05013804,Queen's Park,1,71.0,12756.0,5.566,5097,1056,20.7,64.3,24.7,58.9,2.9,10.4,7.1,10.9
E05013805,Regent's Park,1,63.0,11611.0,5.426,5575,1969,35.3,42.3,15.4,43.9,5.1,3.6,4.3,3.3
E05013806,St James's,1,101.0,10361.0,9.748,5297,1189,22.4,43.3,15.4,39.4,5.1,3.3,4.3,4.0
E05013807,Vincent Square,1,65.0,10327.0,6.294,5034,1375,27.3,51.2,20.7,39.7,4.1,5.3,5.1,6.0
E05013808,West End,1,136.0,11543.0,11.782,6237,1419,22.8,46.1,18.5,40.0,5.8,3.1,4.1,3.9
E05013809,Westbourne,1,77.0,11685.0,6.59,4605,831,18.0,65.6,31.1,60.9,4.0,11.2,7.1,11.1
E05013810,Abbey,0,41.0,10534.0,3.892,4461,2118,47.5,40.1,12.4,31.4,2.3,5.2,3.6,2.3
E05013811,Cannon Hill,0,28.0,9791.0,2.86,3520,2608,74.1,44.7,5.7,30.5,1.5,3.8,3.5,2.2
E05013812,Colliers Wood,0,34.0,11561.0,2.941,4760,2020,42.4,44.5,12.8,39.3,2.5,4.9,4.5,2.9
E05013813,Cricket Green,0,53.0,11716.0,4.524,4236,1597,37.7,60.6,20.2,52.4,2.3,10.9,4.8,6.0
E05013814,Figge's Marsh,0,65.0,11809.0,5.504,4212,1806,42.9,60.8,20.5,60.5,2.5,10.3,5.0,5.5
E05013815,Graveney,0,37.0,11835.0,3.126,4178,2330,55.8,51.3,13.9,54.1,2.2,5.4,4.6,2.7
E05013816,Hillside,0,32.0,8242.0,3.883,3759,1785,47.5,36.3,10.1,27.7,2.0,3.2,3.0,1.5
E05013817,Lavender Fields,0,36.0,11369.0,3.167,4298,1888,43.9,53.9,16.3,46.2,3.0,7.1,5.2,4.4
E05013818,Longthornton,0,40.0,11903.0,3.36,4106,2553,62.2,50.6,11.4,57.8,2.1,7.9,4.7,3.3
E05013819,Lower Morden,0,27.0,11341.0,2.381,4106,3194,77.8,47.0,5.6,29.6,1.3,5.2,3.3,1.8
E05013820,Merton Park,0,20.0,8294.0,2.411,3056,2181,71.4,42.1,6.5,34.8,1.2,3.6,3.3,1.1
E05013821,Pollards Hill,0,49.0,11646.0,4.207,3889,2091,53.8,58.5,16.4,62.2,2.6,11.5,5.3,4.8
E05013822,Ravensbury,0,37.0,9480.0,3.903,3436,1910,55.6,57.3,13.8,45.1,2.5,8.1,4.4,5.2
E05013823,Raynes Park,0,51.0,12301.0,4.146,5123,3012,58.8,38.9,10.0,26.6,2.3,5.1,3.4,1.9
E05013824,St Helier,0,36.0,11311.0,3.183,4084,1782,43.6,57.4,14.7,44.7,2.3,7.8,4.3,5.6
E05013825,Village,0,40.0,11804.0,3.389,4822,3206,66.5,33.0,4.6,23.3,1.7,3.8,2.2,1.3
E05013826,Wandle,0,20.0,5603.0,3.57,2452,1152,47.0,43.4,11.2,29.4,1.8,6.2,3.5,3.5
E05013827,West Barnes,0,23.0,10610.0,2.168,3889,2757,70.9,40.1,6.4,35.3,1.3,4.4,3.3,1.6
E05013828,Wimbledon Park,0,27.0,11071.0,2.439,4221,2453,58.1,35.2,9.1,24.7,2.1,6.7,3.3,1.8
E05013829,Wimbledon Town & Dundonald,0,27.0,12966.0,2.082,5120,3025,59.1,32.6,6.5,28.1,1.7,3.5,3.3,1.0
E05013882,Cann Hall,0,101.0,16319.0,6.189,5652,2149,38.0,61.2,24.4,52.1,2.8,9.9,6.1,6.5
E05013883,Cathall,0,46.0,10482.0,4.388,3823,1259,32.9,61.6,24.2,54.1,2.7,8.4,5.6,5.7
E05013884,Chapel End,0,39.0,13614.0,2.865,4868,2703,55.5,49.9,14.5,47.6,2.0,9.5,5.0,3.7
E05013885,Chingford Green,0,27.0,11402.0,2.368,4707,3126,66.4,51.0,8.8,24.9,1.6,5.3,3.5,3.4
E05013886,Endlebury,0,36.0,9322.0,3.862,3559,2425,68.1,53.6,9.8,34.6,1.5,7.9,3.8,3.5
E05013887,Forest,0,57.0,17256.0,3.303,5831,2707,46.4,59.3,21.3,61.2,2.5,8.3,5.0,5.5
E05013888,Grove Green,0,43.0,14746.0,2.916,5487,2560,46.7,50.6,18.3,44.9,2.0,5.6,5.1,3.9
E05013889,Hale End & Highams Park South,0,25.0,9818.0,2.546,3553,2168,61.0,48.7,12.5,38.9,1.9,9.3,5.0,3.9
E05013890,Hatch Lane & Highams Park North,0,48.0,12951.0,3.706,4991,3094,62.0,53.2,11.0,30.8,1.7,7.8,4.5,4.8
E05013891,High Street,0,42.0,11564.0,3.632,4484,1754,39.1,53.6,20.9,47.7,2.4,8.0,5.6,4.8
E05013892,Higham Hill,0,44.0,14312.0,3.074,4983,1974,39.6,58.4,17.4,53.6,2.3,11.3,6.2,6.1
E05013893,Hoe Street,0,52.0,14276.0,3.642,5697,2290,40.2,55.8,21.7,45.3,2.3,8.1,6.0,5.3
E05013894,Larkswood,0,39.0,13536.0,2.881,5096,2994,58.8,55.4,12.1,42.1,1.8,7.8,4.4,4.8
E05013895,Lea Bridge,0,69.0,15523.0,4.445,5557,2552,45.9,57.5,22.9,57.2,2.5,8.5,6.1,5.3
E05013896,Leyton,0,72.0,13114.0,5.49,4832,1724,35.7,60.2,22.7,58.7,2.4,9.4,5.8,6.6
E05013897,Leytonstone,0,54.0,12238.0,4.412,4817,2247,46.6,50.8,16.5,44.4,2.7,6.5,4.6,3.7
E05013898,Markhouse,0,38.0,9274.0,4.097,3197,1402,43.9,57.5,20.4,57.0,2.7,7.4,5.5,5.5
E05013899,St James,0,38.0,11747.0,3.235,4563,2012,44.1,46.7,17.0,42.4,1.6,7.6,4.5,3.7
E05013900,Upper Walthamstow,0,36.0,8195.0,4.393,2900,1609,55.5,53.5,16.5,47.7,1.6,9.7,5.0,4.8
E05013901,Valley,0,42.0,14084.0,2.982,5012,3204,63.9,56.7,12.3,47.1,2.3,8.6,4.9,5.0
E05013902,William Morris,0,57.0,15059.0,3.785,5647,2793,49.5,51.6,17.4,46.7,2.3,8.0,5.1,4.0
E05013903,Wood Street,0,51.0,9594.0,5.316,3638,1604,44.1,55.3,19.9,47.1,2.4,10.7,5.6,5.6
E05013904,Beckton,1,51.0,16152.0,3.158,5480,1577,28.8,61.1,22.1,53.5,2.4,10.1,6.6,6.5
E05013905,Boleyn,1,42.0,15107.0,2.78,4560,1657,36.3,64.4,27.4,77.2,2.6,7.5,6.2,7.3
E05013906,Canning Town North,1,58.0,10573.0,5.486,3823,820,21.4,61.5,25.2,62.1,2.4,9.9,8.2,7.6
E05013907,Canning Town South,1,33.0,7121.0,4.634,2796,557,19.9,52.3,20.6,60.4,2.8,7.5,5.9,5.8
E05013908,Custom House,1,91.0,17658.0,5.153,6206,1664,26.8,62.4,24.6,57.4,2.2,12.7,6.2,8.0
E05013909,East Ham,1,64.0,15129.0,4.23,4298,1713,39.9,68.9,30.4,78.6,2.8,6.7,6.4,8.1
E05013910,East Ham South,1,65.0,18516.0,3.51,5442,2235,41.1,66.0,26.8,69.5,2.4,10.6,6.1,7.1
E05013911,Forest Gate North,1,55.0,10987.0,5.006,3810,1455,38.2,57.6,20.9,59.2,2.1,7.9,6.6,5.5
E05013912,Forest Gate South,1,77.0,17774.0,4.332,5859,1756,30.0,64.8,26.4,71.6,3.1,8.0,6.6,7.4
E05013913,Green Street East,1,58.0,16973.0,3.417,4437,1771,39.9,69.8,33.9,86.6,3.0,6.0,5.7,7.5
E05013914,Green Street West,1,53.0,15790.0,3.357,4135,1708,41.3,69.5,30.8,86.6,2.3,5.6,7.8,7.7
E05013915,Little Ilford,1,46.0,17547.0,2.622,5062,1681,33.2,70.3,31.9,82.6,3.0,10.8,6.3,8.4
E05013916,Manor Park,1,44.0,15832.0,2.779,4687,1634,34.9,67.8,30.9,79.2,2.7,9.2,5.6,7.5
E05013917,Maryland,1,62.0,12455.0,4.978,4520,1280,28.3,61.5,25.0,58.3,2.6,8.0,6.4,5.5
E05013918,Plaistow North,1,75.0,18290.0,4.101,5740,1669,29.1,68.0,30.4,76.1,2.7,8.7,6.0,8.3
E05013919,Plaistow South,1,58.0,13173.0,4.403,4223,1707,40.4,63.8,25.6,65.1,2.5,9.2,6.0,6.5
E05013920,Plaistow West & Canning Town East,1,82.0,16696.0,4.911,5817,1452,25.0,67.9,27.4,61.9,3.1,11.9,6.7,8.4
E05013921,Plashet,1,34.0,11617.0,2.927,2947,1320,44.8,69.8,32.6,88.9,2.8,5.8,5.9,9.1
E05013922,Royal Albert,1,59.0,9306.0,6.34,3658,807,22.1,54.7,23.9,61.1,3.3,11.8,7.2,5.2
E05013923,Royal Victoria,1,46.0,14538.0,3.164,6748,1562,23.1,34.6,13.2,55.6,2.7,5.1,5.0,2.1
E05013924,Stratford,1,76.0,15742.0,4.828,6805,1413,20.8,47.5,19.4,57.2,3.7,7.5,6.4,4.3
E05013925,Stratford Olympic Park,1,30.0,11862.0,2.529,4523,762,16.8,31.4,10.3,54.3,1.6,7.1,4.7,2.5
E05013926,Wall End,1,46.0,16500.0,2.788,4596,1831,39.8,66.9,29.1,77.5,2.2,6.7,5.9,6.0
E05013927,West Ham,1,81.0,15700.0,5.159,5333,1545,29.0,64.5,25.8,63.6,2.7,8.5,6.2,7.3
E05013928,Alexandra,0,8.0,6413.0,1.247,2379,1831,77.0,40.8,5.8,31.3,1.2,4.0,3.5,1.4
E05013929,Berrylands,0,19.0,6112.0,3.109,2561,1662,64.9,42.9,10.7,20.0,2.4,2.8,2.7,1.8
E05013930,Canbury Gardens,0,21.0,8261.0,2.542,3458,1800,52.1,37.6,8.3,32.8,2.4,6.5,4.3,2.0
E05013931,Chessington South & Malden Rushett,0,25.0,9488.0,2.635,3706,2646,71.4,47.7,6.7,20.0,1.6,6.5,3.2,2.3
E05013932,Coombe Hill,0,29.0,7419.0,3.909,2667,1751,65.7,40.1,6.4,44.4,1.5,4.6,3.6,1.6
E05013933,Coombe Vale,0,29.0,10456.0,2.774,3820,2585,67.7,41.3,7.3,40.1,1.8,5.0,3.2,1.6
E05013934,Green Lane & St James,0,16.0,7051.0,2.269,2452,1468,59.9,50.2,8.4,42.0,1.7,7.1,4.5,4.3
E05013935,Hook & Chessington North,0,25.0,11111.0,2.25,4155,3062,73.7,50.5,6.2,20.4,1.3,6.4,3.3,3.1
E05013936,King George's & Sunray,0,15.0,5605.0,2.676,2050,1439,70.2,48.6,6.9,35.8,2.2,7.1,4.2,2.0
E05013937,Kingston Gate,0,37.0,10825.0,3.418,4205,2400,57.1,40.8,9.2,27.4,2.0,6.7,3.7,2.2
E05013938,Kingston Town,0,43.0,10289.0,4.179,4293,1813,42.2,45.5,12.7,29.1,2.1,4.9,5.6,3.5
E05013939,Motspur Park & Old Malden East,0,19.0,6991.0,2.718,2496,2034,81.5,41.9,3.3,41.2,1.1,3.7,2.9,1.4
E05013940,New Malden Village,0,44.0,9583.0,4.591,3710,2309,62.2,44.7,8.8,40.9,1.6,6.0,3.4,2.6
E05013941,Norbiton,0,51.0,11187.0,4.559,4164,1732,41.6,53.4,14.1,37.8,2.3,9.1,5.7,4.9
E05013942,Old Malden,0,16.0,6695.0,2.39,2481,1747,70.4,47.0,7.4,40.3,1.8,5.1,3.3,1.9
E05013943,St Mark's & Seething Wells,0,38.0,11809.0,3.218,5341,2699,50.5,38.0,10.2,23.8,2.4,3.8,4.5,1.8
E05013944,Surbiton Hill,0,63.0,10636.0,5.923,4964,2262,45.6,44.5,10.6,24.8,2.7,5.2,3.7,3.5
E05013945,Tolworth,0,39.0,11188.0,3.486,4185,2744,65.6,45.5,8.0,32.3,1.6,6.9,3.7,2.8
E05013946,Tudor,0,17.0,6944.0,2.448,2543,1949,76.6,38.5,4.8,27.7,0.7,5.7,3.0,1.6
E05013967,Beam Park,0,23.0,4883.0,4.71,1816,866,47.7,57.2,11.7,39.6,1.9,13.1,5.3,6.5
E05013968,Cranham,0,29.0,12987.0,2.233,5149,4381,85.1,47.1,3.1,11.3,1.1,5.2,2.6,1.5
E05013969,Elm Park,0,34.0,16646.0,2.043,6438,4730,73.5,54.3,6.7,24.6,1.6,6.8,3.8,3.5
E05013970,Emerson Park,0,16.0,9535.0,1.678,3512,3072,87.5,47.6,4.7,31.5,1.2,3.6,2.5,1.7
E05013971,Gooshays,0,76.0,17780.0,4.274,6581,3362,51.1,62.6,14.9,25.2,1.7,11.9,4.8,7.3
E05013972,Hacton,0,11.0,8489.0,1.296,3359,2788,83.0,48.6,3.6,15.0,1.5,4.7,3.0,1.6
E05013973,Harold Wood,0,45.0,13807.0,3.259,5643,4004,71.0,47.6,6.1,22.1,1.6,6.0,3.5,2.7
E05013974,Havering-atte-Bower,0,56.0,16375.0,3.42,5947,4060,68.3,56.3,8.1,24.3,1.6,9.8,4.2,4.2
E05013975,Heaton,0,87.0,17211.0,5.055,6474,3129,48.3,64.9,16.6,29.7,1.8,12.7,4.2,7.5
E05013976,Hylands & Harrow Lodge,0,28.0,13758.0,2.035,5295,4261,80.5,50.4,5.1,21.4,1.2,5.3,3.2,2.9
E05013977,Marshalls & Rise Park,0,32.0,12952.0,2.471,4886,4113,84.2,49.2,4.6,23.9,1.2,4.0,2.8,2.0
E05013978,Mawneys,0,38.0,14481.0,2.624,5487,4040,73.6,55.3,7.8,26.0,1.6,8.9,3.6,3.2
E05013979,Rainham & Wennington,0,44.0,13567.0,3.243,5117,3706,72.4,56.8,8.4,29.0,1.6,8.6,3.9,3.7
E05013980,Rush Green & Crowlands,0,74.0,16022.0,4.619,5904,3243,54.9,52.3,12.6,41.2,1.8,10.6,4.9,3.9
E05013981,St Alban's,0,30.0,8738.0,3.433,3519,1721,48.9,50.6,12.9,31.2,2.4,10.9,3.9,4.1
E05013982,St Andrew's,0,38.0,14652.0,2.594,6202,4553,73.4,52.6,5.4,14.0,1.5,5.5,3.1,2.1
E05013983,St Edward's,0,56.0,10423.0,5.373,4479,2420,54.0,50.0,9.7,28.9,1.4,7.6,4.0,3.5
E05013984,South Hornchurch,0,29.0,10885.0,2.664,3987,2917,73.2,56.1,7.8,29.9,1.6,9.0,4.5,3.4
E05013985,Squirrels Heath,0,47.0,15514.0,3.03,6313,4582,72.6,46.0,5.0,24.1,1.3,6.7,3.4,2.4
E05013986,Upminster,0,22.0,13347.0,1.648,5165,4430,85.8,43.3,2.7,9.2,1.7,3.6,2.1,1.1
E05013987,Beckenham Town & Copers Cope,0,50.0,16363.0,3.056,8019,4545,56.7,40.8,7.7,25.6,1.8,5.6,3.8,1.8
E05013988,Bickley & Sundridge,0,57.0,17764.0,3.209,7149,5385,75.3,40.0,4.3,23.1,1.1,5.7,2.8,1.7
E05013989,Biggin Hill,0,32.0,10817.0,2.958,4285,3708,86.5,47.4,3.8,7.0,1.1,5.8,2.5,1.4
E05013990,Bromley Common & Holwood,0,56.0,18780.0,2.982,7589,5261,69.3,46.0,5.8,22.9,1.0,7.9,3.6,3.4
E05013991,Bromley Town,0,55.0,15400.0,3.571,6718,3775,56.2,40.9,9.3,29.8,1.6,5.7,3.4,2.2
E05013992,Chelsfield,0,31.0,11234.0,2.759,4392,3674,83.7,42.7,2.3,22.5,1.5,4.2,2.4,1.5
E05013993,Chislehurst,0,42.0,15570.0,2.697,6268,4829,77.0,40.0,3.0,18.5,1.0,5.2,2.8,1.4
E05013994,Clock House,0,64.0,17359.0,3.687,7467,4913,65.8,42.0,6.5,26.0,2.3,6.5,3.6,2.6
E05013995,Crystal Palace & Anerley,0,58.0,12029.0,4.822,5682,2064,36.3,49.9,15.4,39.5,2.2,11.3,5.1,5.5
E05013996,Darwin,0,13.0,5772.0,2.252,2287,1914,83.7,46.3,3.2,9.3,6.4,4.9,2.2,1.9
E05013997,Farnborough & Crofton,0,39.0,17703.0,2.203,7053,5826,82.6,45.1,3.0,19.7,0.9,5.1,3.1,1.6
E05013998,Hayes & Coney Hall,0,29.0,15908.0,1.823,5918,5164,87.3,41.2,2.9,13.6,1.0,4.2,3.0,1.1
E05013999,Kelsey & Eden Park,0,42.0,15465.0,2.716,5994,4649,77.6,42.7,3.4,21.6,1.4,5.7,3.5,2.1
E05014000,Mottingham,0,54.0,11488.0,4.701,4633,2535,54.7,54.3,9.9,26.8,1.3,11.3,4.5,5.3
E05014001,Orpington,0,42.0,11960.0,3.512,4729,3379,71.5,49.1,5.4,25.7,0.9,6.8,3.6,2.7
E05014002,Penge & Cator,0,100.0,18908.0,5.289,8405,3908,46.5,50.0,11.5,36.9,2.4,9.9,4.6,4.7
E05014003,Petts Wood & Knoll,0,26.0,17260.0,1.506,6910,5789,83.8,40.2,2.9,19.6,0.9,4.0,2.5,1.4
E05014004,Plaistow,0,39.0,13478.0,2.894,5494,3569,65.0,46.7,7.1,31.8,1.4,8.4,3.7,3.5
E05014005,Shortlands & Park Langley,0,36.0,16210.0,2.221,6703,4782,71.3,38.6,4.9,23.6,1.0,5.1,2.9,1.4
E05014006,St Mary Cray,0,80.0,18436.0,4.339,7614,4881,64.1,53.9,7.2,23.2,1.2,8.8,3.6,4.7
E05014007,St Paul's Cray,0,60.0,17313.0,3.466,6814,3668,53.8,60.3,11.7,24.2,2.4,12.2,4.3,7.2
E05014008,West Wickham,0,21.0,14768.0,1.422,5709,4811,84.3,42.6,3.4,16.5,0.7,4.3,2.4,1.3
E05014009,Balham,1,57.0,17707.0,3.219,7432,3669,49.4,35.6,11.0,23.3,1.8,3.9,2.8,2.2
E05014010,Battersea Park,1,107.0,19176.0,5.58,8504,2734,32.1,47.8,17.4,39.2,3.8,8.5,5.0,4.0
E05014011,East Putney,1,70.0,16918.0,4.138,7482,3431,45.9,37.8,12.8,26.9,2.2,3.8,3.1,2.3
E05014012,Falconbrook,1,75.0,11982.0,6.259,5042,1182,23.4,55.1,23.0,51.5,3.0,11.6,5.5,6.7
E05014013,Furzedown,1,75.0,18053.0,4.154,6850,3273,47.8,51.6,15.2,43.4,2.2,8.0,5.4,4.4
E05014014,Lavender,1,40.0,13452.0,2.974,5883,2391,40.6,33.2,11.5,19.5,1.7,2.7,3.2,1.9
E05014015,Nine Elms,1,18.0,5397.0,3.335,2819,639,22.7,31.1,8.8,41.6,2.7,6.0,4.3,1.2
E05014016,Northcote,1,43.0,12862.0,3.343,4607,2861,62.1,29.0,6.2,17.0,1.4,3.9,2.3,1.4
E05014017,Roehampton,1,125.0,18846.0,6.633,6695,1881,28.1,60.0,21.4,45.8,2.4,12.6,7.0,6.5
E05014018,St Mary's,1,54.0,14183.0,3.807,6900,2632,38.1,36.0,10.0,30.3,3.3,5.0,3.5,2.0
E05014019,Shaftesbury & Queenstown,1,76.0,15181.0,5.006,6659,1960,29.4,48.0,13.8,38.8,2.0,8.1,4.8,5.0
E05014020,South Balham,1,41.0,9828.0,4.172,4426,1905,43.0,40.9,12.3,24.1,2.2,3.8,3.5,3.2
E05014021,Southfields,1,14.0,12659.0,1.106,5192,3036,58.5,33.2,7.6,21.1,1.7,3.8,3.1,1.8
E05014022,Thamesfield,1,35.0,16717.0,2.094,7441,3738,50.2,31.3,7.5,18.8,1.8,3.5,2.9,1.4
E05014023,Tooting Bec,1,66.0,17028.0,3.876,6646,3104,46.7,43.7,12.3,42.2,2.2,6.6,3.5,3.7
E05014024,Tooting Broadway,1,66.0,17218.0,3.833,6958,2583,37.1,48.0,16.9,43.7,2.0,6.8,3.9,4.3
E05014025,Trinity,1,41.0,11183.0,3.666,4926,2449,49.7,37.0,13.1,22.5,2.2,3.9,3.3,2.4
E05014026,Wandle,1,35.0,10585.0,3.307,4364,1996,45.7,40.5,12.8,27.7,1.6,5.1,4.1,3.0
E05014027,Wandsworth Common,1,54.0,16593.0,3.254,6524,3381,51.8,35.6,8.9,24.6,1.6,4.6,3.7,2.7
E05014028,Wandsworth Town,1,70.0,18212.0,3.844,8299,3276,39.5,37.6,12.4,28.1,2.0,5.1,3.7,3.0
E05014029,West Hill,1,59.0,16815.0,3.509,6603,2682,40.6,48.3,15.1,40.3,2.3,8.0,4.8,4.2
E05014030,West Putney,1,50.0,16908.0,2.957,7145,3522,49.3,44.2,12.2,29.7,1.6,5.6,3.8,3.4
E05014053,Abbey,0,17.0,3955.0,4.298,1420,328,23.1,60.1,29.6,70.8,3.9,7.9,6.1,4.7
E05014054,Alibon,0,39.0,10031.0,3.888,3387,1591,47.0,61.1,18.9,44.2,1.9,13.5,5.3,5.6
E05014055,Barking Riverside,0,36.0,9955.0,3.616,3358,1220,36.3,52.8,21.7,68.8,2.8,16.9,6.3,4.9
E05014056,Beam,0,26.0,8610.0,3.02,2788,1337,48.0,61.2,18.4,54.0,2.8,14.0,5.9,5.0
E05014057,Becontree,0,37.0,9799.0,3.776,3075,1328,43.2,63.7,19.3,57.4,2.0,11.2,5.8,7.9
E05014058,Chadwell Heath,0,54.0,14086.0,3.834,4913,2399,48.8,63.2,18.2,55.7,2.1,12.8,5.8,6.0
E05014059,Eastbrook & Rush Green,0,29.0,8649.0,3.353,3023,1828,60.5,58.6,11.2,38.1,1.3,9.2,4.8,5.3
E05014060,Eastbury,0,66.0,15600.0,4.231,5166,2163,41.9,65.8,20.8,51.7,2.1,12.1,6.3,7.1
E05014061,Gascoigne,0,59.0,10831.0,5.447,3862,906,23.5,59.7,27.8,66.6,2.7,16.4,6.1,5.8
E05014062,Goresbrook,0,36.0,13070.0,2.754,4526,1774,39.2,66.5,19.5,43.4,2.4,14.9,5.7,7.3
E05014063,Heath,0,51.0,8994.0,5.67,3250,1311,40.3,62.6,19.2,50.6,2.1,15.4,5.3,7.1
E05014064,Longbridge,0,22.0,13306.0,1.653,3767,2541,67.5,57.9,18.8,74.1,2.0,7.1,4.6,4.4
E05014065,Mayesbrook,0,40.0,15922.0,2.512,5422,1964,36.2,64.1,21.6,50.5,1.9,13.8,5.1,6.4
E05014066,Northbury,0,47.0,13080.0,3.593,4376,1203,27.5,64.1,27.6,71.2,3.5,11.4,6.9,6.6
E05014067,Parsloes,0,49.0,15251.0,3.213,5339,2332,43.7,66.8,20.9,44.5,2.0,11.0,5.8,7.5
E05014068,Thames View,0,25.0,6005.0,4.163,1956,691,35.3,64.6,22.0,64.2,2.5,14.5,5.9,6.9
E05014069,Valence,0,41.0,15481.0,2.648,5288,2286,43.2,65.7,19.1,47.2,1.9,13.1,5.1,7.5
E05014070,Village,0,62.0,12540.0,4.944,4528,1722,38.0,64.3,20.9,49.8,2.7,13.7,6.1,6.5
E05014071,Whalebone,0,42.0,13706.0,3.064,4450,2396,53.8,54.9,16.2,59.7,2.0,11.6,4.6,4.2
E05014072,Abbey Wood,0,75.0,17687.0,4.24,6301,2545,40.4,60.9,19.2,53.7,2.4,13.4,5.8,6.7
E05014073,Blackheath Westcombe,0,72.0,15035.0,4.789,6798,3548,52.2,42.1,8.1,23.3,2.1,5.4,3.5,3.2
E05014074,Charlton Hornfair,0,40.0,12308.0,3.25,4523,1965,43.4,50.9,11.6,43.6,1.9,10.2,5.1,5.7
E05014075,Charlton Village & Riverside,0,59.0,10516.0,5.61,4054,1456,35.9,57.7,13.6,44.6,2.3,9.2,5.5,6.6
E05014076,East Greenwich,0,65.0,14480.0,4.489,6422,2645,41.2,41.4,9.3,35.3,1.9,7.2,4.5,3.5
E05014077,Eltham Page,0,29.0,9753.0,2.973,3421,1451,42.4,61.6,11.7,32.9,1.7,9.6,5.2,7.5
E05014078,Eltham Park & Progress,0,14.0,10766.0,1.3,4242,3009,70.9,47.8,4.3,18.2,1.4,5.5,3.8,2.6
E05014079,Eltham Town & Avery Hill,0,72.0,15535.0,4.635,6294,3719,59.1,51.4,7.8,23.1,1.9,6.5,4.4,4.0
E05014080,Greenwich Creekside,0,57.0,11000.0,5.182,4784,1149,24.0,38.8,11.0,44.8,2.3,10.3,5.7,3.6
E05014081,Greenwich Park,0,55.0,10554.0,5.211,4619,1905,41.2,41.9,10.9,33.6,2.2,6.1,4.9,3.0
E05014082,Greenwich Peninsula,0,34.0,11417.0,2.978,5032,1703,33.8,35.0,10.2,48.0,2.2,8.7,5.1,2.2
E05014083,Kidbrooke Park,0,42.0,10089.0,4.163,3934,2061,52.4,53.5,11.6,42.0,2.0,8.2,4.7,5.6
E05014084,Kidbrooke Village & Sutcliffe,0,27.0,6107.0,4.421,2749,1010,36.7,41.0,8.8,41.4,1.5,7.1,4.8,3.4
E05014085,Middle Park & Horn Park,0,37.0,9517.0,3.888,3437,1611,46.9,61.8,12.4,37.1,1.4,12.5,4.5,8.1
E05014086,"Mottingham, Coldharbour & New Eltham",0,46.0,14532.0,3.165,5694,3540,62.2,51.4,7.9,26.9,1.3,6.9,4.4,4.6
E05014087,Plumstead & Glyndon,0,118.0,21972.0,5.37,7598,2521,33.2,62.9,19.3,65.7,2.7,10.9,6.1,7.8
E05014088,Plumstead Common,0,78.0,15171.0,5.141,5860,3076,52.5,56.3,10.8,46.2,2.3,10.9,4.8,5.8
E05014089,Shooters Hill,0,62.0,11891.0,5.214,4760,2139,44.9,53.7,14.3,48.9,2.1,9.6,6.3,4.6
E05014090,Thamesmead Moorings,0,76.0,12452.0,6.103,4616,1297,28.1,61.6,20.2,62.3,2.9,16.4,7.0,6.4
E05014091,West Thamesmead,0,74.0,11815.0,6.263,3958,1171,29.6,55.7,21.7,60.6,2.6,13.3,7.4,5.8
E05014092,Woolwich Arsenal,0,58.0,12100.0,4.793,5719,1301,22.7,42.7,12.8,50.0,2.8,7.0,5.8,3.2
E05014093,Woolwich Common,0,67.0,12688.0,5.281,4647,1179,25.4,59.2,18.8,59.9,2.7,12.9,6.7,6.6
E05014094,Woolwich Dockyard,0,85.0,11688.0,7.272,4609,928,20.1,64.0,24.0,61.2,3.3,14.1,6.8,7.4
E05014095,Brixton Acre Lane,1,75.0,15251.0,4.918,6615,2101,31.8,46.7,15.0,37.5,1.9,5.8,4.6,4.2
E05014096,Brixton North,1,93.0,16324.0,5.697,6712,1318,19.6,59.4,22.2,60.0,3.3,11.7,7.4,6.1
E05014097,Brixton Rush Common,1,69.0,14929.0,4.622,6309,2072,32.8,51.4,17.6,49.5,2.8,9.7,5.9,3.9
E05014098,Brixton Windrush,1,62.0,9482.0,6.539,4088,857,21.0,52.7,17.6,56.3,2.6,8.6,5.7,4.9
E05014099,Clapham Common & Abbeville,1,43.0,10017.0,4.293,4220,1897,45.0,35.5,11.3,23.3,2.0,4.1,3.3,1.9
E05014100,Clapham East,1,48.0,9845.0,4.876,4250,1050,24.7,48.2,16.8,40.9,2.2,7.2,4.5,4.5
E05014101,Clapham Park,1,70.0,12711.0,5.507,5434,1566,28.8,50.4,15.9,48.5,3.1,8.3,5.4,4.1
E05014102,Clapham Town,1,81.0,15904.0,5.093,7103,2469,34.8,40.8,13.0,31.1,2.1,5.1,3.7,3.7
E05014103,Gipsy Hill,1,48.0,10257.0,4.68,4374,1579,36.1,52.3,13.9,45.8,2.6,12.1,5.9,6.3
E05014104,Herne Hill & Loughborough Junction,1,70.0,16156.0,4.333,6564,2505,38.2,48.9,17.0,43.6,1.9,7.5,4.9,4.4
E05014105,Kennington,1,82.0,14603.0,5.615,6499,1709,26.3,53.6,17.2,48.6,3.0,10.1,6.0,5.0
E05014106,Knight's Hill,1,89.0,16907.0,5.264,6913,2965,42.9,53.0,15.8,47.5,2.4,10.9,6.1,5.2
E05014107,Myatt's Fields,1,61.0,10933.0,5.579,4627,1113,24.1,57.5,19.3,56.4,2.8,10.3,6.9,6.1
E05014108,Oval,1,55.0,12441.0,4.421,5529,1427,25.8,53.3,20.3,42.2,3.5,7.3,5.3,5.1
E05014109,St Martin's,1,61.0,10844.0,5.625,4551,1372,30.1,53.5,18.8,53.3,2.8,12.2,5.4,5.5
E05014110,Stockwell East,1,59.0,10745.0,5.491,4714,1332,28.3,50.8,18.6,44.1,3.2,7.3,5.7,4.9
E05014111,Stockwell West & Larkhall,1,74.0,16332.0,4.531,6862,1423,20.7,58.5,24.3,52.3,3.7,11.2,6.3,4.8
E05014112,Streatham Common & Vale,1,63.0,17659.0,3.568,6633,3258,49.1,52.3,14.6,48.7,2.5,7.7,5.2,3.8
E05014113,Streatham Hill East,1,44.0,9877.0,4.455,4021,1602,39.8,52.0,16.8,46.8,2.8,8.7,5.2,4.5
E05014114,Streatham Hill West & Thornton,1,33.0,10889.0,3.031,4630,2182,47.1,40.3,13.0,29.3,1.9,6.4,4.3,2.6
E05014115,Streatham St Leonard's,1,74.0,15815.0,4.679,6533,2708,41.5,50.1,20.7,41.3,3.2,8.2,4.8,4.5
E05014116,Streatham Wells,1,32.0,9757.0,3.28,4087,1882,46.0,46.4,13.1,41.7,2.2,7.9,4.8,3.3
E05014117,Vauxhall,1,68.0,9733.0,6.987,4848,1031,21.3,44.1,15.5,49.9,3.7,6.3,5.5,3.3
E05014118,Waterloo & South Bank,1,54.0,8858.0,6.096,3863,812,21.0,46.3,14.2,45.3,4.1,5.3,6.0,3.6
E05014119,West Dulwich,1,32.0,11384.0,2.811,4703,2241,47.7,43.4,11.7,34.5,2.1,8.4,3.8,3.3
E09000001,City of London,1,48.0,8583.0,5.592,4914,1794,36.5,40.2,16.9,30.6,4.0,1.8,4.1,1.7
